taxa_id,W,detected_0.9,detected_0.8,detected_0.7,detected_0.6,Kingdom,Phylum,Class,Order,Family,Genus,Species,DC,PC1,PC2,PC3,PC4
011e4dbbb190c99b0642fd81d7ca0e7e,78,FALSE,FALSE,FALSE,FALSE,d__Bacteria,Bacteroidota,Bacteroidia,Bacteroidales,Dysgonomonadaceae,Dysgonomonas,NA,32,0,0,0,1
025820c3761e0ca5af17b5785045d861,190,FALSE,FALSE,TRUE,TRUE,d__Bacteria,Cyanobacteria,Cyanobacteriia,Chloroplast,Chloroplast,Chloroplast,NA,23,1,11,11,34
0365d421860a90db01c59613590d1e44,84,FALSE,FALSE,FALSE,FALSE,d__Bacteria,Firmicutes,Clostridia,Lachnospirales,Lachnospiraceae,Agathobacter,NA,1,250,290,32,1
03cf406cf3d6d8e8d59f324ddabd5981,80,FALSE,FALSE,FALSE,FALSE,d__Bacteria,Firmicutes,Clostridia,Christensenellales,Christensenellaceae,Christensenellaceae,NA,128,0,0,8,1
0420e9bd80f378e1745e984402ed1d32,103,FALSE,FALSE,FALSE,FALSE,d__Bacteria,Actinobacteriota,Coriobacteriia,Coriobacteriales,Eggerthellaceae,NA,NA,5,17,48,26,4
06affe4d40cd504d57af0931c8745600,108,FALSE,FALSE,FALSE,FALSE,d__Bacteria,Armatimonadota,uncultured,uncultured,uncultured,uncultured,NA,4,0,0,0,5
0745d132a7d7e1f203637a91d1d1790e,124,FALSE,FALSE,FALSE,FALSE,d__Bacteria,Firmicutes,Clostridia,Peptostreptococcales-Tissierellales,Anaerovoracaceae,uncultured,NA,40,0,0,59,0
0832c60d4896685f07a093c9cb0e0448,203,FALSE,FALSE,TRUE,TRUE,d__Bacteria,Firmicutes,Clostridia,Lachnospirales,Lachnospiraceae,Tyzzerella,NA,16,420,14,18,2
09bcf2b879d97546475e7ec7e6710f4f,57,FALSE,FALSE,FALSE,FALSE,d__Bacteria,Firmicutes,Clostridia,Oscillospirales,Butyricicoccaceae,Butyricicoccus,NA,14,3,17,10,0
09df1ae278cb0c727db5670dc55b734d,98,FALSE,FALSE,FALSE,FALSE,d__Bacteria,Firmicutes,Clostridia,Oscillospirales,Ruminococcaceae,Candidatus_Soleaferrea,NA,144,2596,99,1101,120
0abb9e6bc668dc34899c986d4e9bb5b3,97,FALSE,FALSE,FALSE,FALSE,d__Bacteria,Firmicutes,Negativicutes,Veillonellales-Selenomonadales,Veillonellaceae,NA,NA,0,0,4,3,0
0b0912e4a373b2abab7e3d841d64a089,50,FALSE,FALSE,FALSE,FALSE,d__Bacteria,Proteobacteria,Gammaproteobacteria,Enterobacterales,Enterobacteriaceae,Escherichia-Shigella,NA,4,27,9,1,0
0bd7e6872f1358477273ca5617a259a0,71,FALSE,FALSE,FALSE,FALSE,d__Bacteria,Actinobacteriota,Coriobacteriia,Coriobacteriales,Eggerthellaceae,Eggerthella,NA,4,0,3,15,0
0cb82d24f35f1279b1d17af58804d728,201,FALSE,FALSE,TRUE,TRUE,d__Bacteria,Desulfobacterota,Desulfuromonadia,Bradymonadales,Bradymonadales,Bradymonadales,NA,57,0,28,223,26
1147fbeb006ab365d9ceb666af184beb,52,FALSE,FALSE,FALSE,FALSE,d__Bacteria,Firmicutes,Clostridia,Lachnospirales,Lachnospiraceae,Lachnospiraceae_UCG-007,NA,62,50,384,40,0
11fbc7a9ec4c3cfd526984b53ff3edfe,26,FALSE,FALSE,FALSE,FALSE,d__Bacteria,Firmicutes,Clostridia,Peptostreptococcales-Tissierellales,Peptostreptococcaceae,NA,NA,196,70,59,38,18
12570061c6bb557c7fc774d486b10b77,192,FALSE,FALSE,TRUE,TRUE,d__Bacteria,Firmicutes,Clostridia,Peptostreptococcales-Tissierellales,Anaerovoracaceae,NA,NA,253,23,202,397,153
133fd1cc5b525b7edd3936a089795a73,101,FALSE,FALSE,FALSE,FALSE,d__Bacteria,Bacteroidota,Bacteroidia,Bacteroidales,Rs-E47_termite_group,Rs-E47_termite_group,NA,0,1,3,0,0
13de7d3eb005bb8f0da716d1d6bec34a,213,FALSE,TRUE,TRUE,TRUE,d__Bacteria,Firmicutes,Clostridia,Lachnospirales,Lachnospiraceae,Marvinbryantia,NA,75,374,238,153,1
1485c1e112bf2cdbc63c2d4aed4ab5a5,164,FALSE,FALSE,FALSE,TRUE,d__Bacteria,Firmicutes,Clostridia,Oscillospirales,Oscillospiraceae,NA,NA,514,100,244,486,139
14f2cf55f1ea3e82a4b8f70e2f134b14,227,FALSE,TRUE,TRUE,TRUE,d__Bacteria,Firmicutes,Clostridia,Lachnospirales,Lachnospiraceae,Roseburia,NA,53,955,1003,781,31
17671af926b8362138a02260b69118bf,73,FALSE,FALSE,FALSE,FALSE,d__Bacteria,Firmicutes,Clostridia,Lachnospirales,NA,NA,NA,9,0,0,0,0
17cac3ce2373660621c6b5ed58f6556b,49,FALSE,FALSE,FALSE,FALSE,d__Bacteria,Firmicutes,Clostridia,Monoglobales,Monoglobaceae,Monoglobus,NA,359,172,247,386,137
1ab21b7b34a236d7533267148940e792,36,FALSE,FALSE,FALSE,FALSE,d__Bacteria,Firmicutes,Clostridia,Peptostreptococcales-Tissierellales,Peptostreptococcaceae,Intestinibacter,NA,289,161,557,125,6
1bcd7aa7decb9a7b3367ba34d480bea8,194,FALSE,FALSE,TRUE,TRUE,d__Bacteria,Proteobacteria,Gammaproteobacteria,Burkholderiales,Sutterellaceae,Sutterella,NA,55,235,110,184,0
1be336b025537bb2036361a0b638097d,157,FALSE,FALSE,FALSE,TRUE,d__Bacteria,Firmicutes,Clostridia,Oscillospirales,uncultured,uncultured,NA,5,0,0,5,7
1bf277683b1493b89bcd2e1db018234a,143,FALSE,FALSE,FALSE,FALSE,d__Bacteria,Firmicutes,Clostridia,Oscillospirales,Ruminococcaceae,Pygmaiobacter,NA,2,0,80,97,8
1d3e62e8c39cd276322ecd2c03f78404,103,FALSE,FALSE,FALSE,FALSE,d__Bacteria,Firmicutes,Clostridia,Oscillospirales,Oscillospiraceae,V9D2013_group,NA,0,0,0,8,4
1e44242730e75e511aa93c3587df9497,137,FALSE,FALSE,FALSE,FALSE,d__Bacteria,Firmicutes,Clostridia,Oscillospirales,Ruminococcaceae,NA,NA,286,599,744,579,67
1e4607965055b84a78dcbd4d97abdada,237,TRUE,TRUE,TRUE,TRUE,d__Bacteria,Synergistota,Synergistia,Synergistales,Synergistaceae,Pyramidobacter,NA,339,0,0,36,41
1ed345c7f2ed5c0eceff7790cb86d655,185,FALSE,FALSE,TRUE,TRUE,d__Bacteria,Firmicutes,Clostridia,Clostridia_vadinBB60_group,Clostridia_vadinBB60_group,Clostridia_vadinBB60_group,NA,7714,161,700,3014,647
1ee7366c563e09e9da455e1ccf34b583,85,FALSE,FALSE,FALSE,FALSE,d__Bacteria,Firmicutes,Clostridia,Clostridia_UCG-014,Clostridia_UCG-014,Clostridia_UCG-014,NA,1172,701,455,577,871
205dd9e33ffb1694e25b7de5391484d6,107,FALSE,FALSE,FALSE,FALSE,d__Bacteria,Firmicutes,Bacilli,Lactobacillales,Lactobacillaceae,Lactobacillus,NA,0,1,0,0,0
21f463f65026ba063aba7a3ac1b531ae,149,FALSE,FALSE,FALSE,FALSE,d__Bacteria,Firmicutes,Clostridia,Peptostreptococcales-Tissierellales,Anaerovoracaceae,[Eubacterium]_nodatum_group,NA,384,62,452,515,8
22211ecc135a75fcfab2f277c89f279b,168,FALSE,FALSE,FALSE,TRUE,d__Bacteria,Firmicutes,Clostridia,Lachnospirales,Lachnospiraceae,Lachnoclostridium,NA,143,352,407,558,2
22bcce8743126189b7c244d8b21ed392,112,FALSE,FALSE,FALSE,FALSE,d__Bacteria,Firmicutes,Clostridia,Oscillospirales,Ruminococcaceae,UBA1819,NA,32,0,14,20,0
22ce29730a758cc63d10ff6c72318202,247,TRUE,TRUE,TRUE,TRUE,d__Bacteria,Bacteroidota,Bacteroidia,Bacteroidales,Rikenellaceae,NA,NA,720,0,2,295,289
2320f8e2a5c4fb367a64bf8bf2ce822c,141,FALSE,FALSE,FALSE,FALSE,d__Bacteria,Verrucomicrobiota,Lentisphaeria,Oligosphaerales,Oligosphaeraceae,NA,NA,67,0,0,44,1
25cd3e340d0e15212a6043e6e52e838d,94,FALSE,FALSE,FALSE,FALSE,d__Bacteria,Firmicutes,Clostridia,Lachnospirales,Lachnospiraceae,Pseudobutyrivibrio,NA,2,8,12,20,5
25d15e96734f4aaffa4831ac0214626d,183,FALSE,FALSE,TRUE,TRUE,d__Bacteria,Firmicutes,NA,NA,NA,NA,NA,466,0,12,162,1
2632651d6c662d1eec6b2f2840eede1f,103,FALSE,FALSE,FALSE,FALSE,d__Bacteria,Firmicutes,Clostridia,Lachnospirales,Lachnospiraceae,Butyrivibrio,NA,0,0,2,0,0
27621ebbc013942826027db04134f9a6,143,FALSE,FALSE,FALSE,FALSE,d__Bacteria,Firmicutes,Bacilli,Erysipelotrichales,Erysipelotrichaceae,[Anaerorhabdus]_furcosa_group,NA,10,124,120,37,3
288ef6eb35d7156849cc558d7c171a5a,72,FALSE,FALSE,FALSE,FALSE,d__Bacteria,Bacteroidota,Bacteroidia,Bacteroidales,Williamwhitmaniaceae,Blvii28_wastewater-sludge_group,NA,6,0,0,0,0
28b0dadf7076e16f4424ab0cfb8dcb3f,72,FALSE,FALSE,FALSE,FALSE,d__Bacteria,Firmicutes,Clostridia,Oscillospirales,Ruminococcaceae,Angelakisella,NA,2,0,4,2,0
2a02ef7bc7fb82a314ce2dbf9bc41414,123,FALSE,FALSE,FALSE,FALSE,d__Bacteria,Firmicutes,Clostridia,Lachnospirales,Lachnospiraceae,[Bacteroides]_pectinophilus_group,NA,0,11,0,0,0
2b3c37196f6b206549eb83d9bf7cab04,216,FALSE,TRUE,TRUE,TRUE,d__Bacteria,Firmicutes,Clostridia,Oscillospirales,Oscillospiraceae,Oscillibacter,NA,283,159,729,536,0
2c528257d0358d7df5a9fed95430d0ca,239,TRUE,TRUE,TRUE,TRUE,d__Bacteria,Bacteroidota,Bacteroidia,Bacteroidales,Bacteroidaceae,Bacteroides,NA,447,14336,2331,1228,55
2cc23f7072806ec4437a548ce7e90b13,87,FALSE,FALSE,FALSE,FALSE,d__Bacteria,Firmicutes,Clostridia,Lachnospirales,Lachnospiraceae,Lachnospira,NA,11,410,2,4,0
2d2eb9c87c24b9b75ad0487164fd34f9,120,FALSE,FALSE,FALSE,FALSE,d__Bacteria,Firmicutes,Bacilli,Erysipelotrichales,uncultured,uncultured,NA,1,152,25,3,0
2d5d0cd36c4001b109c268d607b1de74,1,FALSE,FALSE,FALSE,FALSE,d__Bacteria,Firmicutes,Clostridia,Peptostreptococcales-Tissierellales,Anaerovoracaceae,Family_XIII_UCG-001,NA,416,26,38,36,179
2e416632792654afb1184b6e58f4f23a,162,FALSE,FALSE,FALSE,TRUE,d__Bacteria,Firmicutes,Clostridia,Lachnospirales,Lachnospiraceae,Lachnospiraceae_UCG-008,NA,361,11,442,207,8
2f4f2d2224bb0ae1f9b7fdb1237e2bb8,117,FALSE,FALSE,FALSE,FALSE,d__Bacteria,Proteobacteria,Alphaproteobacteria,Rickettsiales,Rickettsiaceae,Rickettsia,NA,0,6,0,0,0
32dc9a6265acfddd24bac8e4b5182036,223,FALSE,TRUE,TRUE,TRUE,d__Bacteria,Firmicutes,Clostridia,Clostridia,Hungateiclostridiaceae,Saccharofermentans,NA,1128,0,2,102,833
349ad8b379c0088d459687d8fa6382ef,58,FALSE,FALSE,FALSE,FALSE,d__Bacteria,Firmicutes,Clostridia,Peptostreptococcales-Tissierellales,Anaerovoracaceae,[Eubacterium]_brachy_group,NA,6,0,4,8,0
34f292e0136da810321993628ee790af,205,FALSE,TRUE,TRUE,TRUE,d__Bacteria,Firmicutes,Clostridia,uncultured,uncultured,uncultured,NA,90,0,0,43,26
359c657e90d675b78717a2300bc5be4f,78,FALSE,FALSE,FALSE,FALSE,d__Bacteria,Actinobacteriota,Coriobacteriia,Coriobacteriales,uncultured,uncultured,NA,38,138,27,28,2
385f6744d399a373638717c4cd5f0988,107,FALSE,FALSE,FALSE,FALSE,d__Bacteria,Firmicutes,Negativicutes,Veillonellales-Selenomonadales,NA,NA,NA,0,2,1,0,0
38864637c678eeb1712a4bddb5392075,250,TRUE,TRUE,TRUE,TRUE,d__Bacteria,Bacteroidota,Bacteroidia,Bacteroidales,Bacteroidales_BS11_gut_group,Bacteroidales_BS11_gut_group,NA,18513,10,69,8164,14848
38fcb10ba27c2bc3960f09f73ef37ada,100,FALSE,FALSE,FALSE,FALSE,d__Bacteria,Firmicutes,Clostridia,Clostridiales,Clostridiaceae,NA,NA,45,218,342,15,0
3a0af7934b6356fc346d23b85dd635be,102,FALSE,FALSE,FALSE,FALSE,d__Bacteria,Firmicutes,Clostridia,Eubacteriales,Eubacteriaceae,Eubacterium,NA,9,0,0,0,2
3a74df1f2eb8921a6471085dc118465f,91,FALSE,FALSE,FALSE,FALSE,d__Bacteria,Firmicutes,Clostridia,Lachnospirales,Lachnospiraceae,Dorea,NA,0,18,10,3,0
3b281535b9de26083a80ac79a24ff951,195,FALSE,FALSE,TRUE,TRUE,d__Bacteria,Bacteroidota,Bacteroidia,Bacteroidales,Rikenellaceae,DMER64,NA,180,0,0,15,108
3b4a56d663121b978750534196de3dfb,192,FALSE,FALSE,TRUE,TRUE,d__Bacteria,Firmicutes,Bacilli,Acholeplasmatales,Acholeplasmataceae,Anaeroplasma,NA,531,5074,1597,777,105
3cecef24fb560c962293b23480ff882c,83,FALSE,FALSE,FALSE,FALSE,d__Bacteria,Firmicutes,Bacilli,Mycoplasmatales,Mycoplasmataceae,Mycoplasma,NA,0,19,17,0,0
3d2a65ead1aa92e07569eb18dceec4cc,86,FALSE,FALSE,FALSE,FALSE,d__Bacteria,Proteobacteria,Alphaproteobacteria,Paracaedibacterales,Paracaedibacteraceae,uncultured,NA,8,66,18,10,1
3d6700303a3e329dd8305dbba23248fb,144,FALSE,FALSE,FALSE,FALSE,d__Bacteria,Firmicutes,Clostridia,Lachnospirales,Lachnospiraceae,[Eubacterium]_ruminantium_group,NA,84,1005,524,321,44
3e2da50cfe2ef3bdb3970fc7d9b926e0,70,FALSE,FALSE,FALSE,FALSE,d__Bacteria,Firmicutes,Clostridia,Oscillospirales,Oscillospiraceae,UCG-007,NA,18,10,46,8,0
3ea33c770a1fe070b3cba4dabb11706a,150,FALSE,FALSE,FALSE,FALSE,d__Bacteria,Firmicutes,Clostridia,Peptostreptococcales-Tissierellales,Sedimentibacteraceae,Sedimentibacter,NA,135,0,0,0,0
3fd69e01955e50a2d6769a0b2c1f9484,107,FALSE,FALSE,FALSE,FALSE,d__Bacteria,Firmicutes,Syntrophomonadia,Syntrophomonadales,Syntrophomonadaceae,Syntrophomonas,NA,6,0,0,0,0
40102321255e2efbc271b39a92d8daed,92,FALSE,FALSE,FALSE,FALSE,d__Bacteria,Proteobacteria,Gammaproteobacteria,Burkholderiales,Neisseriaceae,Neisseria,NA,1,0,0,0,0
40e51cb9a1a4681f28eb18bc120cb096,230,TRUE,TRUE,TRUE,TRUE,d__Bacteria,Firmicutes,Clostridia,Peptostreptococcales-Tissierellales,Anaerovoracaceae,Family_XIII_AD3011_group,NA,854,30,228,1615,303
454b7951eb487cb41fd3931a3265dad5,86,FALSE,FALSE,FALSE,FALSE,d__Bacteria,Bacteroidota,Bacteroidia,Bacteroidales,Prevotellaceae,NA,NA,0,133,30,0,0
4579debf8edd7e8eace52cd6d7ec6dce,192,FALSE,FALSE,TRUE,TRUE,d__Bacteria,Firmicutes,Clostridia,Oscillospirales,UCG-011,UCG-011,NA,1370,2,0,530,969
469c0edaef0f4a75df0371b9ec3ff462,92,FALSE,FALSE,FALSE,FALSE,d__Bacteria,Firmicutes,Bacilli,Erysipelotrichales,Erysipelatoclostridiaceae,Erysipelotrichaceae_UCG-003,NA,8,403,105,57,4
48cfd71d026c34ede8463ad4c2bf628f,211,FALSE,TRUE,TRUE,TRUE,d__Bacteria,Firmicutes,Clostridia,Lachnospirales,Lachnospiraceae,Blautia,NA,177,564,311,353,0
48f67e82350cea2cee607137fd4f39d0,224,FALSE,TRUE,TRUE,TRUE,d__Bacteria,Firmicutes,Negativicutes,Veillonellales-Selenomonadales,Selenomonadaceae,Anaerovibrio,NA,67,441,183,489,0
49401bda4244672821cc3faa88f085e1,77,FALSE,FALSE,FALSE,FALSE,d__Bacteria,Firmicutes,Clostridia,Oscillospirales,Ruminococcaceae,Paludicola,NA,7,0,9,18,1
4aa5555f5692a9715b1de65a40bfbefa,35,FALSE,FALSE,FALSE,FALSE,d__Bacteria,Firmicutes,Clostridia,Clostridiales,Clostridiaceae,Sarcina,NA,11,72,20,37,2
4b546e02297735fdbe3f73a3132986c7,205,FALSE,TRUE,TRUE,TRUE,d__Bacteria,Bacteroidota,Bacteroidia,Bacteroidales,Marinilabiliaceae,uncultured,NA,919,0,0,6,333
4bdffaf00e25a4f1419ed4e7c8bfe571,126,FALSE,FALSE,FALSE,FALSE,d__Bacteria,Firmicutes,Bacilli,Lactobacillales,Aerococcaceae,NA,NA,0,6,0,0,0
4de61ac33246f3abe2624bd460afce53,104,FALSE,FALSE,FALSE,FALSE,d__Bacteria,Planctomycetota,Planctomycetes,Pirellulales,Pirellulaceae,p-1088-a5_gut_group,NA,4,0,0,6,3
4e02c8d8f902fff586a6ebab627cf55b,65,FALSE,FALSE,FALSE,FALSE,d__Bacteria,Firmicutes,Clostridia,Oscillospirales,Ruminococcaceae,DTU089,NA,4,0,4,5,0
4edc7932b6df10c4fa9218ed2747c193,144,FALSE,FALSE,FALSE,FALSE,d__Bacteria,Firmicutes,Clostridia,Lachnospirales,Lachnospiraceae,Lachnospiraceae_UCG-010,NA,18,0,28,14,0
51a456890a86cde1ed771cd37cf6c543,82,FALSE,FALSE,FALSE,FALSE,d__Bacteria,Actinobacteriota,Actinobacteria,Corynebacteriales,Mycobacteriaceae,Mycobacterium,NA,2,0,0,0,0
56ebd902c7b75108bc0fd29fb154722d,108,FALSE,FALSE,FALSE,FALSE,d__Bacteria,Firmicutes,Clostridia,Peptostreptococcales-Tissierellales,NA,NA,NA,0,0,0,0,3
59903699cddbf7ed6e27e83e7baa5d46,128,FALSE,FALSE,FALSE,FALSE,d__Bacteria,Firmicutes,Clostridia,Lachnospirales,Lachnospiraceae,Lachnospiraceae,NA,17,21,99,37,18
5bad6031028d51b599b5770c1d1e5a24,80,FALSE,FALSE,FALSE,FALSE,d__Bacteria,Actinobacteriota,Coriobacteriia,Coriobacteriales,Coriobacteriales_Incertae_Sedis,uncultured,NA,35,45,7,47,29
5bbbb11c17b27337db4f90cdc35aaf9f,83,FALSE,FALSE,FALSE,FALSE,d__Bacteria,Firmicutes,Bacilli,Erysipelotrichales,Erysipelatoclostridiaceae,Erysipelatoclostridium,NA,1,18,82,12,5
5ca1f9c2bbeb92a9fe6a5f38bba042fa,223,FALSE,TRUE,TRUE,TRUE,d__Bacteria,Firmicutes,Clostridia,Oscillospirales,Ruminococcaceae,Subdoligranulum,NA,135,307,678,279,0
5e348dfbb683807e94a9e6a91e1eb9a9,150,FALSE,FALSE,FALSE,FALSE,d__Bacteria,Bacteroidota,Bacteroidia,Bacteroidales,Prevotellaceae,Prevotellaceae_UCG-003,NA,3014,9404,2779,2317,774
6037281c238b364fc2eee33f27f3bdfe,236,TRUE,TRUE,TRUE,TRUE,d__Archaea,Thermoplasmatota,Thermoplasmata,Methanomassiliicoccales,Methanomethylophilaceae,NA,NA,300,0,0,57,37
624f616ed89e11a3f55df295f75ccd73,187,FALSE,FALSE,TRUE,TRUE,d__Bacteria,Bacteroidota,Bacteroidia,Bacteroidales,NA,NA,NA,5926,13514,20164,14427,1480
63819d255d912f9afc5f754071995cc8,52,FALSE,FALSE,FALSE,FALSE,d__Bacteria,Firmicutes,Clostridia,Clostridia,Hungateiclostridiaceae,Ruminiclostridium,NA,18,2,0,23,2
646524b2aa8b3814a10fe4012edaee59,51,FALSE,FALSE,FALSE,FALSE,d__Bacteria,Bacteroidota,Bacteroidia,Bacteroidales,uncultured,uncultured,NA,113,61,307,218,0
6558f4a314cfffd1fd99191cc1a50957,118,FALSE,FALSE,FALSE,FALSE,d__Bacteria,Firmicutes,Bacilli,Erysipelotrichales,Erysipelotrichaceae,Catenisphaera,NA,8,184,103,30,3
6605addf4a80b3902496e74a5b58209a,151,FALSE,FALSE,FALSE,FALSE,d__Bacteria,Firmicutes,Clostridia,Clostridiales,Clostridiaceae,Clostridium_sensu_stricto_10,NA,196,0,0,5,0
67a72b31d268ccf83a7b9cfb800dbf5b,100,FALSE,FALSE,FALSE,FALSE,d__Bacteria,Firmicutes,Clostridia,Oscillospirales,Ruminococcaceae,[Eubacterium]_siraeum_group,NA,1,11,0,5,0
6805f46483e99c605894f3fa3d6dc334,72,FALSE,FALSE,FALSE,FALSE,d__Bacteria,Firmicutes,Clostridia,Lachnospirales,Lachnospiraceae,[Eubacterium]_ventriosum_group,NA,15,235,28,19,0
6843cf5c95bc7c31ad56d05b8990ec93,165,FALSE,FALSE,FALSE,TRUE,d__Bacteria,Bacteroidota,Bacteroidia,Bacteroidales,Rikenellaceae,Rikenellaceae_RC9_gut_group,NA,24818,3057,18301,24297,13325
68f10272e874198eb447a935a493c1c6,109,FALSE,FALSE,FALSE,FALSE,d__Bacteria,Firmicutes,Clostridia,Lachnospirales,Lachnospiraceae,Lachnospiraceae_UCG-004,NA,19,19,41,74,5
6985e88ac478dfb11462d137faa87b7b,201,FALSE,FALSE,TRUE,TRUE,d__Bacteria,Firmicutes,Bacilli,Erysipelotrichales,Erysipelotrichaceae,uncultured,NA,202,13,7,59,147
6a4689d14777af3552d9134eb87966a4,98,FALSE,FALSE,FALSE,FALSE,d__Bacteria,Actinobacteriota,Coriobacteriia,Coriobacteriales,Atopobiaceae,Atopobium,NA,2,0,0,0,2
6bc06bab65a9778deef714cab15f0be5,160,FALSE,FALSE,FALSE,TRUE,d__Bacteria,Firmicutes,Clostridia,Peptococcales,Peptococcaceae,uncultured,NA,454,125,249,390,12
6c1660e85eaabce397c70f959cd0e5f3,33,FALSE,FALSE,FALSE,FALSE,d__Bacteria,Firmicutes,Clostridia,Christensenellales,Christensenellaceae,uncultured,NA,20,0,6,10,3
6cfb07ba294c1e441c39986fa8725715,25,FALSE,FALSE,FALSE,FALSE,d__Bacteria,Bacteroidota,Bacteroidia,Bacteroidales,p-251-o5,p-251-o5,NA,4204,1075,553,3231,6885
6d072410758054c21c29b7d4eb653eb4,66,FALSE,FALSE,FALSE,FALSE,d__Bacteria,Firmicutes,Clostridia,Clostridia,Hungateiclostridiaceae,uncultured,NA,8,0,0,0,0
6e403602579e2ba7ecc9bf719970e902,156,FALSE,FALSE,FALSE,TRUE,d__Bacteria,Firmicutes,Clostridia,Christensenellales,Christensenellaceae,NA,NA,52,3,0,4,0
6fa5c4655757092ee8e18204d1aee364,87,FALSE,FALSE,FALSE,FALSE,d__Archaea,Thermoplasmatota,Thermoplasmata,Methanomassiliicoccales,Methanomethylophilaceae,uncultured,NA,97,0,0,21,28
713dfb0e8b724717dd54665e49cc8f86,230,TRUE,TRUE,TRUE,TRUE,d__Bacteria,Firmicutes,Clostridia,Lachnospirales,Lachnospiraceae,Anaerosporobacter,NA,1700,39,3265,1843,0
72723846e19bea69b4ab3599d3dbfa01,218,FALSE,TRUE,TRUE,TRUE,d__Bacteria,Firmicutes,Clostridia,Oscillospirales,[Eubacterium]_coprostanoligenes_group,[Eubacterium]_coprostanoligenes_group,NA,2339,132,1003,6644,1556
727a6dceb799648386302ba8e1e891f7,145,FALSE,FALSE,FALSE,FALSE,d__Bacteria,Firmicutes,Clostridia,Peptostreptococcales-Tissierellales,Anaerovoracaceae,Anaerovorax,NA,459,28,19,293,440
7422ed4853dc503840ffc5c250f336af,117,FALSE,FALSE,FALSE,FALSE,d__Bacteria,Firmicutes,Clostridia,Lachnospirales,Lachnospiraceae,[Eubacterium]_eligens_group,NA,0,238,1,0,0
744323579dff3d0db4a04aafd3abbc35,196,FALSE,FALSE,TRUE,TRUE,d__Bacteria,Campilobacterota,Campylobacteria,Campylobacterales,Campylobacteraceae,Campylobacter,NA,121,102,12,84,2
7472ec95c29d49174119768f69de5fef,106,FALSE,FALSE,FALSE,FALSE,d__Archaea,Euryarchaeota,Methanobacteria,Methanobacteriales,Methanobacteriaceae,Methanobrevibacter,NA,17,0,2,14,7
752c45eaca53cf7cfdba0d1e1b5165f3,38,FALSE,FALSE,FALSE,FALSE,d__Bacteria,Fibrobacterota,Fibrobacteria,Fibrobacterales,Fibrobacteraceae,Fibrobacter,NA,2446,9659,9975,3951,405
7760d9459e58d6822ced7c94d9359cff,197,FALSE,FALSE,TRUE,TRUE,d__Bacteria,Firmicutes,Clostridia,Peptococcales,Peptococcaceae,Peptococcus,NA,93,41,120,124,0
77747330bd5601fcce5ad38cc0c89daf,125,FALSE,FALSE,FALSE,FALSE,d__Bacteria,Firmicutes,Clostridia,Oscillospirales,Oscillospiraceae,Oscillospiraceae,NA,20,6,24,11,0
78046bf7d8a1ad0dae1b3a718a9a4176,145,FALSE,FALSE,FALSE,FALSE,d__Bacteria,Deferribacterota,Deferribacteres,Deferribacterales,Deferribacteraceae,Mucispirillum,NA,1,18,6,1,0
7815f20467e77fbd0744bd384a2e942f,174,FALSE,FALSE,FALSE,TRUE,d__Bacteria,Proteobacteria,Alphaproteobacteria,Rhodospirillales,uncultured,uncultured,NA,189,1153,113,155,0
7890d807ecb73a8165bae82ae14ee009,182,FALSE,FALSE,TRUE,TRUE,d__Bacteria,Firmicutes,Clostridia,Oscillospirales,Oscillospiraceae,NK4A214_group,NA,2893,357,954,2596,1562
793607ca65fd0eb000b95cd3628f0dad,118,FALSE,FALSE,FALSE,FALSE,d__Bacteria,Proteobacteria,Alphaproteobacteria,Rickettsiales,Mitochondria,Mitochondria,NA,1,19,1,0,0
799307694f192c879ff4cfc8e29ff817,114,FALSE,FALSE,FALSE,FALSE,d__Bacteria,Proteobacteria,Alphaproteobacteria,Rickettsiales,uncultured,uncultured,NA,0,29,2,0,0
7aaa508241c40a8685e802c0045b9cfd,100,FALSE,FALSE,FALSE,FALSE,d__Bacteria,Firmicutes,Bacilli,Erysipelotrichales,Erysipelotrichaceae,Turicibacter,NA,0,3,0,0,0
7bb11f39c021687f74772c0d923c97f5,56,FALSE,FALSE,FALSE,FALSE,d__Bacteria,Verrucomicrobiota,Verrucomicrobiae,Verrucomicrobiales,Akkermansiaceae,Akkermansia,NA,9,20,9,10,6
7d47f268c432b1f2d0cadcf4838f6f0a,122,FALSE,FALSE,FALSE,FALSE,d__Bacteria,Chloroflexi,Anaerolineae,Anaerolineales,Anaerolineaceae,Flexilinea,NA,29,0,0,0,10
7feda89dccc3cd8da4ca171266394506,84,FALSE,FALSE,FALSE,FALSE,d__Bacteria,Firmicutes,Clostridia,Oscillospirales,Oscillospiraceae,Colidextribacter,NA,185,257,352,319,25
8172e7e476192575bb09374b419d0bb2,213,FALSE,TRUE,TRUE,TRUE,d__Bacteria,Firmicutes,Clostridia,Eubacteriales,Anaerofustaceae,Anaerofustis,NA,97,7,0,30,42
8177ac76593b32a41f44c7104ab280b3,93,FALSE,FALSE,FALSE,FALSE,d__Bacteria,Firmicutes,Clostridia,Oscillospirales,Ruminococcaceae,Anaerotruncus,NA,3,0,0,1,0
82092d0979795bf1d39ebc4b38c5330d,201,FALSE,FALSE,TRUE,TRUE,d__Bacteria,Firmicutes,Clostridia,Clostridia,Hungateiclostridiaceae,UCG-012,NA,8658,2,5,7,3
83238ac0ee031017e7b58c0a35623249,48,FALSE,FALSE,FALSE,FALSE,d__Bacteria,Firmicutes,Clostridia,Lachnospirales,Lachnospiraceae,uncultured,NA,50,0,453,45,5
8335724d2e09162e73bf1ec9b4fc1451,100,FALSE,FALSE,FALSE,FALSE,d__Bacteria,Firmicutes,Clostridia,Peptostreptococcales-Tissierellales,Peptostreptococcaceae,Paraclostridium,NA,0,3,0,0,0
83c88672ada5805820ab15d32c19d195,62,FALSE,FALSE,FALSE,FALSE,d__Bacteria,Proteobacteria,Gammaproteobacteria,Pseudomonadales,Pseudomonadaceae,Pseudomonas,NA,4,1,5,9,2
83ce1e75f44a8a7f9d53a9f255670d05,47,FALSE,FALSE,FALSE,FALSE,d__Bacteria,Actinobacteriota,Coriobacteriia,Coriobacteriales,Eggerthellaceae,uncultured,NA,90,21,38,59,11
84229a7de862a28a4c59683f1f354504,85,FALSE,FALSE,FALSE,FALSE,d__Bacteria,Firmicutes,Clostridia,Christensenellales,Christensenellaceae,Catabacter,NA,0,5,0,0,0
85bf80b0588dd6731ff3c3db33219ec1,140,FALSE,FALSE,FALSE,FALSE,d__Bacteria,Proteobacteria,Gammaproteobacteria,Aeromonadales,Succinivibrionaceae,Succinivibrio,NA,56,314,67,39,0
86ab975b6752c08c041209cacb6d4b5a,105,FALSE,FALSE,FALSE,FALSE,d__Bacteria,Firmicutes,Clostridia,Oscillospirales,Oscillospiraceae,Intestinimonas,NA,69,17,13,41,10
8bb8e816736cb1d7c5dbfcb424a1701c,48,FALSE,FALSE,FALSE,FALSE,d__Bacteria,Proteobacteria,Alphaproteobacteria,NA,NA,NA,NA,5,0,5,2,0
8bc89af69d3a39e6197c5521aca44471,52,FALSE,FALSE,FALSE,FALSE,d__Bacteria,Firmicutes,Clostridia,Clostridiales,Clostridiaceae,Clostridium_sensu_stricto_1,NA,494,762,247,138,2
8c4c82ced90c9510ec8ce1eec9ecd024,66,FALSE,FALSE,FALSE,FALSE,d__Bacteria,Firmicutes,Clostridia,Oscillospirales,Ruminococcaceae,Incertae_Sedis,NA,0,13,40,15,0
8d64a5384aa91113f8abd1ca933915ed,89,FALSE,FALSE,FALSE,FALSE,d__Bacteria,Firmicutes,Clostridia,Lachnospirales,Lachnospiraceae,Lachnospiraceae_FCS020_group,NA,2,12,8,1,0
8e9bd31c10ebac381a546fbcf6b50497,163,FALSE,FALSE,FALSE,TRUE,d__Bacteria,Bacteroidota,Bacteroidia,Bacteroidales,M2PB4-65_termite_group,M2PB4-65_termite_group,NA,293,0,0,2,73
8f670295740aa3f0e4224d033693e923,125,FALSE,FALSE,FALSE,FALSE,d__Bacteria,Verrucomicrobiota,Verrucomicrobiae,Opitutales,Puniceicoccaceae,Cerasicoccus,NA,0,12,0,0,0
8fab26754bb01f28c385e3201b899412,226,FALSE,TRUE,TRUE,TRUE,d__Bacteria,Firmicutes,Bacilli,Izemoplasmatales,Izemoplasmatales,Izemoplasmatales,NA,16866,25,30,1677,122
911253d87fdd9cc44355276866cf01ef,181,FALSE,FALSE,TRUE,TRUE,d__Bacteria,Firmicutes,Negativicutes,Veillonellales-Selenomonadales,Selenomonadaceae,Selenomonas,NA,30,0,0,0,24
91b387bfdf54f00e6296761d1c25b01d,67,FALSE,FALSE,FALSE,FALSE,d__Bacteria,Firmicutes,Bacilli,NA,NA,NA,NA,0,17,0,0,0
93738b5446bf51aeef57104f859786b8,192,FALSE,FALSE,TRUE,TRUE,d__Bacteria,Firmicutes,Bacilli,Erysipelotrichales,Erysipelatoclostridiaceae,UCG-004,NA,1143,152,247,1625,904
939bd264bf3607ed9ab0032bcb7aaf55,119,FALSE,FALSE,FALSE,FALSE,d__Bacteria,Desulfobacterota,Desulfovibrionia,Desulfovibrionales,Desulfovibrionaceae,Bilophila,NA,60,1,6,57,0
947eea8f98d5b7fc2dab6e755910c4f6,189,FALSE,FALSE,TRUE,TRUE,d__Bacteria,Cyanobacteria,Vampirivibrionia,Gastranaerophilales,Gastranaerophilales,Gastranaerophilales,NA,285,30,99,396,225
963308283eb98417bd8983715a0aa68b,143,FALSE,FALSE,FALSE,FALSE,d__Bacteria,Desulfobacterota,Desulfovibrionia,Desulfovibrionales,Desulfovibrionaceae,Mailhella,NA,39,34,25,33,0
98dc861fa9facdf163653fc55c96b850,90,FALSE,FALSE,FALSE,FALSE,d__Bacteria,Firmicutes,Clostridia,Oscillospirales,Oscillospiraceae,uncultured,NA,30,3,5,6,15
996f57e644e505e3a9ce8ed88163a5ef,18,FALSE,FALSE,FALSE,FALSE,d__Bacteria,Firmicutes,Clostridia,Peptostreptococcales-Tissierellales,Peptostreptococcaceae,Terrisporobacter,NA,27,199,39,14,1
9a0005af00f693ffee3932b4d4bfbe96,231,TRUE,TRUE,TRUE,TRUE,d__Bacteria,Firmicutes,Clostridia,Oscillospirales,Oscillospiraceae,UCG-002,NA,561,3,55,321,152
9bb00305bb4298abac5834d262e552f5,115,FALSE,FALSE,FALSE,FALSE,d__Bacteria,Firmicutes,Clostridia,Lachnospirales,Lachnospiraceae,Lachnospiraceae_UCG-002,NA,1,0,3,9,1
9d5e637d4afe54e642a84fa353c1f490,143,FALSE,FALSE,FALSE,FALSE,d__Bacteria,Campilobacterota,Campylobacteria,Campylobacterales,Helicobacteraceae,Helicobacter,NA,182,32,45,192,24
9ebf171a0e6b8faf10cfdb847a3ca4ca,231,TRUE,TRUE,TRUE,TRUE,d__Bacteria,NA,NA,NA,NA,NA,NA,823,14,9,189,84
9edefff6c29de6cd34373b150f6876f1,79,FALSE,FALSE,FALSE,FALSE,d__Bacteria,Proteobacteria,Gammaproteobacteria,Pasteurellales,Pasteurellaceae,uncultured,NA,5,360,0,2,0
9ee055bdd109e45631460237abe67bb9,134,FALSE,FALSE,FALSE,FALSE,d__Bacteria,Firmicutes,Clostridia,Oscillospirales,Butyricicoccaceae,UCG-009,NA,17,0,1,6,3
9fa4c96c7e4f0a2b902b8424b2eb747e,81,FALSE,FALSE,FALSE,FALSE,d__Bacteria,Firmicutes,Clostridia,Lachnospirales,Lachnospiraceae,Oribacterium,NA,24,20,24,6,17
a006b6d0ffdf13ae7e1276e78a3bf644,67,FALSE,FALSE,FALSE,FALSE,d__Bacteria,Firmicutes,Bacilli,Erysipelotrichales,Erysipelatoclostridiaceae,NA,NA,0,1,3,4,0
a0a02944230ab7ec0b5f2ae02e017684,20,FALSE,FALSE,FALSE,FALSE,d__Bacteria,Firmicutes,Clostridia,Oscillospirales,Ruminococcaceae,CAG-352,NA,183,197,517,208,2
a1808403bed8f49eb0bcde6b17b1bb23,216,FALSE,TRUE,TRUE,TRUE,d__Bacteria,Firmicutes,Bacilli,RF39,RF39,RF39,NA,2240,186,1267,4922,2283
a18c1ac24c9463d908e8cd1df0febd22,112,FALSE,FALSE,FALSE,FALSE,d__Bacteria,Firmicutes,Bacilli,Acholeplasmatales,Acholeplasmataceae,T2WK15B57,NA,220,3009,365,392,0
a198d96695fe0e573ea7ef39ca5e9150,33,FALSE,FALSE,FALSE,FALSE,d__Bacteria,Firmicutes,Clostridia,Lachnospirales,Lachnospiraceae,Cellulosilyticum,NA,1654,37,3544,267,0
a1a89105eea07ab6a48500ef58c0b8fd,43,FALSE,FALSE,FALSE,FALSE,d__Bacteria,Firmicutes,Clostridia,Lachnospirales,Lachnospiraceae,Tuzzerella,NA,30,6,13,15,11
a1e73098440a9d154a5ff5e0bcb5b483,156,FALSE,FALSE,FALSE,TRUE,d__Bacteria,Firmicutes,Clostridia,Lachnospirales,Lachnospiraceae,Lachnospiraceae_ND3007_group,NA,50,1044,130,84,21
a1f814c0108126f9ba8fe9e47d8b0605,192,FALSE,FALSE,TRUE,TRUE,d__Bacteria,Firmicutes,Clostridia,Lachnospirales,Lachnospiraceae,[Ruminococcus]_torques_group,NA,6,38,0,5,0
a27a2ea36188db7fe30f881fee2aba05,245,TRUE,TRUE,TRUE,TRUE,d__Bacteria,Bacteroidota,Bacteroidia,Bacteroidales,Prevotellaceae,Prevotella,NA,1107,41707,16694,2501,186
a2f5369f1fd8edd1426e08c67ce5fa6e,72,FALSE,FALSE,FALSE,FALSE,d__Bacteria,Firmicutes,Clostridia,Lachnospirales,Lachnospiraceae,Anaerostignum,NA,10,0,23,12,0
a5df32c6051bae6d53c7b5f895818114,166,FALSE,FALSE,FALSE,TRUE,d__Bacteria,Spirochaetota,Spirochaetia,Spirochaetales,Spirochaetaceae,Treponema,NA,18780,3252,4928,10124,14778
a69f32e279b804e42d90a9a7f5200bee,177,FALSE,FALSE,FALSE,TRUE,d__Bacteria,Firmicutes,Clostridia,Lachnospirales,Lachnospiraceae,Coprococcus,NA,100,869,2273,534,84
a7f7926a92ef0575380e5835d9d11c37,242,TRUE,TRUE,TRUE,TRUE,d__Bacteria,Verrucomicrobiota,Kiritimatiellae,WCHB1-41,WCHB1-41,WCHB1-41,NA,6050,26,788,8829,4931
a89e71ca1cc22e1e07b4bccd9d96ed68,92,FALSE,FALSE,FALSE,FALSE,d__Bacteria,Firmicutes,Clostridia,Lachnospirales,Lachnospiraceae,Anaerostipes,NA,0,3,5,0,0
a8f59de1086c05b248b5ca63e9fbab05,243,TRUE,TRUE,TRUE,TRUE,d__Bacteria,Bacteroidota,Bacteroidia,Bacteroidales,Bacteroidales_UCG-001,Bacteroidales_UCG-001,NA,21053,22,56,9403,10767
aa5d24639b8ea6ddee75b1354d7b70fe,190,FALSE,FALSE,TRUE,TRUE,d__Bacteria,Firmicutes,Bacilli,Lactobacillales,Streptococcaceae,Streptococcus,NA,84,2246,33,10,6
ab57bf3b2b4d5f7e3f720218859186ae,17,FALSE,FALSE,FALSE,FALSE,d__Bacteria,Bacteroidota,Bacteroidia,Bacteroidales,Prevotellaceae,Prevotellaceae_UCG-004,NA,921,33,72,715,1225
ac95dc5dc9b7b10b989d983242bc39e6,83,FALSE,FALSE,FALSE,FALSE,d__Bacteria,Firmicutes,uncultured,uncultured,uncultured,uncultured,NA,13,0,0,10,0
ad11b3b36cf28d518bf948f887e2a125,186,FALSE,FALSE,TRUE,TRUE,d__Bacteria,Firmicutes,Clostridia,Christensenellales,Christensenellaceae,Christensenellaceae_R-7_group,NA,9940,583,1325,4020,2255
ae05240d2e6324e39e4761c5733f1acc,241,TRUE,TRUE,TRUE,TRUE,d__Bacteria,Bacteroidota,Bacteroidia,Bacteroidales,Prevotellaceae,Prevotellaceae_UCG-001,NA,110,15238,18860,1558,37
ae195294bb6f17cc2622d1684274c62b,81,FALSE,FALSE,FALSE,FALSE,d__Bacteria,Bacteroidota,Bacteroidia,NA,NA,NA,NA,32412,3349,3890,10824,425
aee1a7694203b3cbc8f51620b2537fc0,54,FALSE,FALSE,FALSE,FALSE,d__Bacteria,Firmicutes,Clostridia,Oscillospirales,Ethanoligenenaceae,Acetanaerobacterium,NA,9,0,2,1,0
af3d6e5f19184ff7e361a365bd55e9bc,98,FALSE,FALSE,FALSE,FALSE,d__Bacteria,Firmicutes,Clostridia,Oscillospirales,Ruminococcaceae,Negativibacillus,NA,2,0,0,2,1
afd56efe1e446085b67d430db0612f18,190,FALSE,FALSE,TRUE,TRUE,d__Bacteria,Bacteroidota,Bacteroidia,Bacteroidales,Tannerellaceae,NA,NA,1427,50,971,958,11
afd83090649eabe5826a431573ac3154,231,TRUE,TRUE,TRUE,TRUE,d__Bacteria,Bacteroidota,Bacteroidia,Bacteroidales,Bacteroidales_RF16_group,Bacteroidales_RF16_group,NA,2601,11000,21640,3731,24
b1724c7b4222fe4a926eaf4665da6182,157,FALSE,FALSE,FALSE,TRUE,d__Bacteria,Firmicutes,Negativicutes,Acidaminococcales,Acidaminococcaceae,Phascolarctobacterium,NA,729,1042,2830,1065,93
b3768ad8087249a1e67e4ea3500e4d4e,157,FALSE,FALSE,FALSE,TRUE,d__Bacteria,Firmicutes,Clostridia,Lachnospirales,Lachnospiraceae,Lachnospiraceae_NK4A136_group,NA,137,428,208,97,0
b41f7be978691738c563ef2fdd246970,122,FALSE,FALSE,FALSE,FALSE,d__Bacteria,Proteobacteria,Gammaproteobacteria,Pasteurellales,Pasteurellaceae,Aggregatibacter,NA,0,14,0,0,0
b43ce775072c45ba1797722aa94648e4,227,FALSE,TRUE,TRUE,TRUE,d__Archaea,Thermoplasmatota,Thermoplasmata,Methanomassiliicoccales,Methanomethylophilaceae,Candidatus_Methanomethylophilus,NA,284,11,65,201,0
b5db6e635824d58398da5f7e3993a159,201,FALSE,FALSE,TRUE,TRUE,d__Bacteria,Firmicutes,Clostridia,Lachnospirales,Lachnospiraceae,NA,NA,8757,12097,21332,5902,450
b6d22a8b378e9b67fcd210fb3d7bfda5,175,FALSE,FALSE,FALSE,TRUE,d__Bacteria,Verrucomicrobiota,Lentisphaeria,Oligosphaerales,Oligosphaeraceae,Z20,NA,41,0,0,29,0
b95d2808edd39ba94a09a454cbca0837,229,TRUE,TRUE,TRUE,TRUE,d__Bacteria,Firmicutes,Clostridia,Oscillospirales,NA,NA,NA,254,0,10,67,36
bae802bfa26953a9a3ea5bf8b06cc432,74,FALSE,FALSE,FALSE,FALSE,d__Bacteria,Firmicutes,Clostridia,Oscillospirales,Ruminococcaceae,Ruminococcus,NA,1325,1075,584,360,109
bb95f0c3587b50540f3af8f31138c679,46,FALSE,FALSE,FALSE,FALSE,d__Bacteria,Actinobacteriota,Coriobacteriia,Coriobacteriales,NA,NA,NA,20,2,10,14,5
bc80f47757787ed8ca82eb553b4a31ba,103,FALSE,FALSE,FALSE,FALSE,d__Bacteria,Spirochaetota,Spirochaetia,Spirochaetales,Spirochaetaceae,Sediminispirochaeta,NA,6,0,0,0,1
bdb8690e9b3b321ffff92ccae5d175c7,248,TRUE,TRUE,TRUE,TRUE,d__Bacteria,Bacteroidota,Bacteroidia,Bacteroidales,Rikenellaceae,SP3-e08,NA,2451,0,3,453,534
bde040093bb6840142a3ce854c746910,80,FALSE,FALSE,FALSE,FALSE,d__Bacteria,Proteobacteria,Gammaproteobacteria,Pasteurellales,Pasteurellaceae,Lonepinella,NA,2,3,4,7,6
bf6860b97428325624d333d2cf955636,86,FALSE,FALSE,FALSE,FALSE,d__Bacteria,Firmicutes,Clostridia,NA,NA,NA,NA,6695,805,1678,2045,320
bfc134a48c271b77039dbf08da2b344d,78,FALSE,FALSE,FALSE,FALSE,d__Bacteria,Verrucomicrobiota,Lentisphaeria,Oligosphaerales,Oligosphaeraceae,horsej-a03,NA,4,0,0,0,1
bffc2cbc5f9c1f1a1c5cdbc24e1d60ed,77,FALSE,FALSE,FALSE,FALSE,d__Bacteria,Proteobacteria,Alphaproteobacteria,Rickettsiales,NA,NA,NA,2,0,4,8,0
c08b14735cd16cae4fbfb9b636320639,20,FALSE,FALSE,FALSE,FALSE,d__Bacteria,Spirochaetota,Spirochaetia,Spirochaetales,Spirochaetaceae,Sphaerochaeta,NA,1408,54,29,49,2
c11f8543b6bd0edd4e8fb065cf4d231f,222,FALSE,TRUE,TRUE,TRUE,d__Archaea,Halobacterota,Methanomicrobia,Methanomicrobiales,Methanocorpusculaceae,Methanocorpusculum,NA,149,10,3,11,100
c2a344fdb189d89119a0b823c1c935a1,104,FALSE,FALSE,FALSE,FALSE,d__Bacteria,Firmicutes,Clostridia,Lachnospirales,Lachnospiraceae,Acetitomaculum,NA,62,8,44,103,1
c42aae02f3243c39ad774d61f592da6f,60,FALSE,FALSE,FALSE,FALSE,d__Bacteria,Firmicutes,Negativicutes,Veillonellales-Selenomonadales,Veillonellaceae,Veillonella,NA,7,31,6,3,0
c52089c41d633ea2d0dacf49bc26d702,100,FALSE,FALSE,FALSE,FALSE,d__Bacteria,Firmicutes,Bacilli,Erysipelotrichales,Erysipelatoclostridiaceae,Asteroleplasma,NA,0,5,1,0,0
c53e001049b92f0159404e0d66784d7e,102,FALSE,FALSE,FALSE,FALSE,d__Bacteria,Synergistota,Synergistia,Synergistales,Synergistaceae,Cloacibacillus,NA,0,0,2,1,1
c674ff1c3f5321a751a979c5630d8be4,115,FALSE,FALSE,FALSE,FALSE,d__Bacteria,Verrucomicrobiota,Verrucomicrobiae,Opitutales,Puniceicoccaceae,Verruc-01,NA,2,21,2,0,0
c6c50a0fe7128dfd2d7fd7dea1ad1303,90,FALSE,FALSE,FALSE,FALSE,d__Bacteria,Actinobacteriota,Coriobacteriia,Coriobacteriales,Atopobiaceae,uncultured,NA,0,109,59,9,0
c85faf85d83afa0a4aaf76f6c953091a,105,FALSE,FALSE,FALSE,FALSE,d__Bacteria,Firmicutes,Clostridia,Lachnospirales,Lachnospiraceae,Howardella,NA,0,4,4,1,0
c8f1c4cfaa8e26d361fd493054cace0f,249,TRUE,TRUE,TRUE,TRUE,d__Bacteria,Firmicutes,Clostridia,Oscillospirales,UCG-010,UCG-010,NA,6333,8,1907,5125,1547
c9ab8773e3041f42ce81a3fb5decaf21,171,FALSE,FALSE,FALSE,TRUE,d__Bacteria,Actinobacteriota,Coriobacteriia,Coriobacteriales,Eggerthellaceae,Enterorhabdus,NA,13,72,7,17,14
cb4c91d5b727037a597e10d368fbff7e,181,FALSE,FALSE,TRUE,TRUE,d__Bacteria,Firmicutes,Bacilli,Acholeplasmatales,Acholeplasmataceae,NED5E9,NA,581,1668,398,599,1
cb7f6532924a16ea146c747da7886096,40,FALSE,FALSE,FALSE,FALSE,d__Bacteria,Firmicutes,Clostridia,Peptostreptococcales-Tissierellales,Peptostreptococcaceae,Paeniclostridium,NA,9,406,25,11,6
ccb854fb6f307ae5d926bbd9a170152d,83,FALSE,FALSE,FALSE,FALSE,d__Bacteria,Firmicutes,Clostridia,Lachnospirales,Lachnospiraceae,Hungatella,NA,165,0,90,69,0
cda9d9c1baee558e44bb641fbb53daf9,124,FALSE,FALSE,FALSE,FALSE,d__Bacteria,Verrucomicrobiota,Lentisphaeria,Victivallales,vadinBE97,vadinBE97,NA,88,0,0,15,49
ce662d89245252b8ee16ae22c7944955,164,FALSE,FALSE,FALSE,TRUE,d__Bacteria,Bacteroidota,Bacteroidia,Bacteroidales,Rikenellaceae,hoa5-07d05_gut_group,NA,45,0,0,237,47
cfbc8da87a8d5e0f4b3dbc86774124ad,62,FALSE,FALSE,FALSE,FALSE,d__Bacteria,Proteobacteria,Gammaproteobacteria,Pasteurellales,Pasteurellaceae,NA,NA,16,1059,32,20,8
d232023521b225e5ca4eb489bd45bdc2,189,FALSE,FALSE,TRUE,TRUE,d__Bacteria,Firmicutes,Bacilli,Erysipelotrichales,Erysipelotrichaceae,NA,NA,11,283,85,81,9
d2f561fe718b8c082cd80c9f2792ca3e,114,FALSE,FALSE,FALSE,FALSE,d__Bacteria,Firmicutes,Clostridia,Oscillospirales,Oscillospirales,Oscillospirales,NA,0,14,0,0,0
d31ff36c8dc351f3e92e7d9a44f58722,65,FALSE,FALSE,FALSE,FALSE,d__Bacteria,Firmicutes,Negativicutes,Veillonellales-Selenomonadales,Selenomonadaceae,NA,NA,24,44,1,0,5
d402726b59c5311f0980499aa1e9c1e3,57,FALSE,FALSE,FALSE,FALSE,d__Bacteria,Firmicutes,Clostridia,Lachnospirales,Lachnospiraceae,Lachnospiraceae_AC2044_group,NA,289,252,33,59,276
d453a2fb9e23257387fa8cf8651c9ba1,89,FALSE,FALSE,FALSE,FALSE,d__Bacteria,Synergistota,Synergistia,Synergistales,Synergistaceae,uncultured,NA,3,0,1,0,0
d45854414d5056ea9637c1675d63e62a,241,TRUE,TRUE,TRUE,TRUE,d__Bacteria,Firmicutes,Clostridia,Oscillospirales,Oscillospiraceae,Papillibacter,NA,2303,0,0,236,39
d48911b56ec64800ecdb29067de21748,39,FALSE,FALSE,FALSE,FALSE,d__Bacteria,Bacteroidota,Bacteroidia,Bacteroidales,Prevotellaceae,Prevotellaceae_Ga6A1_group,NA,5,3,9,10,1
d5aa9ac3d8cf8128c656a50a7e5f9373,77,FALSE,FALSE,FALSE,FALSE,d__Bacteria,Firmicutes,Clostridia,Peptostreptococcales-Tissierellales,Peptostreptococcaceae,Romboutsia,NA,0,17,0,0,0
d72faa43a44d0acff156be88534e7c19,85,FALSE,FALSE,FALSE,FALSE,d__Bacteria,Proteobacteria,Gammaproteobacteria,Burkholderiales,NA,NA,NA,8,0,15,18,4
da480c769bba24423965281a50e2af3b,94,FALSE,FALSE,FALSE,FALSE,d__Bacteria,Spirochaetota,Spirochaetia,Spirochaetales,Spirochaetaceae,NA,NA,10908,6,3,321,1
dc61a5e6b180d1e91ee91fa99fc27e6b,236,TRUE,TRUE,TRUE,TRUE,d__Bacteria,Verrucomicrobiota,Lentisphaeria,Victivallales,Victivallaceae,Victivallaceae,NA,445,0,0,117,134
dd52da36418e8ff34b61136ae44552d4,78,FALSE,FALSE,FALSE,FALSE,d__Bacteria,Bacteroidota,Bacteroidia,Bacteroidales,Muribaculaceae,Muribaculaceae,NA,1349,2369,1033,3864,2009
dd6c2fd9183f0a600fad8cbe105ad6b4,85,FALSE,FALSE,FALSE,FALSE,d__Bacteria,Firmicutes,Bacilli,Erysipelotrichales,Erysipelatoclostridiaceae,Erysipelatoclostridiaceae,NA,24,62,24,17,0
ddcc92c20e2bdb38f764c6f33b9da3a4,250,TRUE,TRUE,TRUE,TRUE,d__Bacteria,Bacteroidota,Bacteroidia,Bacteroidales,F082,F082,NA,4685,0,7,1877,186
debb32f034d58bbb9c944cdbdc709c02,123,FALSE,FALSE,FALSE,FALSE,d__Bacteria,Firmicutes,Clostridia,Lachnospirales,Lachnospiraceae,[Eubacterium]_xylanophilum_group,NA,0,11,0,0,0
debb6c016de97e9589379258353e69b5,210,FALSE,TRUE,TRUE,TRUE,d__Bacteria,Desulfobacterota,Desulfovibrionia,Desulfovibrionales,Desulfovibrionaceae,uncultured,NA,2,115,17,0,0
e151ed60ba3a411d72809355aef9b3eb,81,FALSE,FALSE,FALSE,FALSE,d__Bacteria,Proteobacteria,Gammaproteobacteria,Enterobacterales,Enterobacteriaceae,NA,NA,1,2,4,2,0
e2e8da18efd0740b3f7c41a8ab8be5bb,109,FALSE,FALSE,FALSE,FALSE,d__Bacteria,Firmicutes,Clostridia,Oscillospirales,Oscillospirales,Hydrogenoanaerobacterium,NA,46,0,8,52,0
e3cb00d168934c0f95679e9262a27725,195,FALSE,FALSE,TRUE,TRUE,d__Bacteria,Firmicutes,Clostridia,Oscillospirales,Ruminococcaceae,uncultured,NA,801,28,267,447,124
e66daa12a5bfd917919844cb3ad81922,42,FALSE,FALSE,FALSE,FALSE,d__Bacteria,Bacteroidota,Bacteroidia,Bacteroidales,Rikenellaceae,Alistipes,NA,31,14,38,31,3
e67b2a0f95433c7b29affe9e5a6a4c35,245,TRUE,TRUE,TRUE,TRUE,d__Bacteria,Firmicutes,Bacilli,Izemoplasmatales,Izemoplasmataceae,Izemoplasmataceae,NA,3217,3,14,1152,480
e894089445037bcbbbadf28c5a0f5c97,125,FALSE,FALSE,FALSE,FALSE,d__Bacteria,Firmicutes,Negativicutes,Veillonellales-Selenomonadales,Selenomonadaceae,uncultured,NA,0,13,0,0,0
ea45f6fbf8a04cd41b6513fe05f0146f,207,FALSE,TRUE,TRUE,TRUE,d__Bacteria,Bacteroidota,Bacteroidia,Sphingobacteriales,Sphingobacteriaceae,NA,NA,3003,0,0,659,0
ea8fe47efa5a7c2c5afaf3d50ae7897e,122,FALSE,FALSE,FALSE,FALSE,d__Bacteria,Firmicutes,Clostridia,Lachnospirales,Lachnospiraceae,[Eubacterium]_hallii_group,NA,109,63,141,159,5
eae29306f0dde366d47f95316bb8dd61,109,FALSE,FALSE,FALSE,FALSE,d__Bacteria,Verrucomicrobiota,Verrucomicrobiae,Opitutales,Puniceicoccaceae,uncultured,NA,0,20,4,0,0
ec745861010dafe929ffbb6ddb0f2777,105,FALSE,FALSE,FALSE,FALSE,d__Bacteria,Firmicutes,Clostridia,Peptostreptococcales-Tissierellales,Anaerovoracaceae,Mogibacterium,NA,264,48,150,513,101
ede21a7b6701db6b500a5e41dd00bf18,136,FALSE,FALSE,FALSE,FALSE,d__Bacteria,Bacteroidota,Bacteroidia,Bacteroidales,Tannerellaceae,Parabacteroides,NA,732,1338,761,701,76
eeb33c446cdbb13c08986ad57f36b1e8,88,FALSE,FALSE,FALSE,FALSE,d__Bacteria,Desulfobacterota,Desulfovibrionia,Desulfovibrionales,Desulfovibrionaceae,Desulfovibrio,NA,485,480,107,186,30
ef3260bf63c8e48691d8ad21ddd07187,172,FALSE,FALSE,FALSE,TRUE,d__Bacteria,Firmicutes,Clostridia,Lachnospirales,Lachnospiraceae,Lachnospiraceae_NC2004_group,NA,2,83,125,20,1
f15614638ec852a1a13d53076ce826ed,128,FALSE,FALSE,FALSE,FALSE,d__Archaea,Halobacterota,Methanosarcinia,Methanosarciniales,Methanosarcinaceae,Methanimicrococcus,NA,0,26,1,0,0
f271ab4cf03ca8694dd38122a2f5d928,132,FALSE,FALSE,FALSE,FALSE,d__Bacteria,Bacteroidota,Bacteroidia,Bacteroidales,Paludibacteraceae,uncultured,NA,574,269,370,3520,0
f28642ac95e5eb2fc0344676e48dc041,32,FALSE,FALSE,FALSE,FALSE,d__Bacteria,Fusobacteriota,Fusobacteriia,Fusobacteriales,Fusobacteriaceae,Fusobacterium,NA,35,31,24,41,7
f4f905e32c6e3df84bf9bf5d0ea1bbbb,84,FALSE,FALSE,FALSE,FALSE,d__Bacteria,Firmicutes,Bacilli,Erysipelotrichales,Erysipelotrichaceae,Breznakia,NA,49,1,12,37,3
f707bef601574f9bf43229f3391ae940,115,FALSE,FALSE,FALSE,FALSE,d__Bacteria,Actinobacteriota,Coriobacteriia,Coriobacteriales,Eggerthellaceae,Gordonibacter,NA,33,0,0,27,17
f87b82d7603351c6e21da60187a60e85,58,FALSE,FALSE,FALSE,FALSE,d__Bacteria,Firmicutes,Clostridia,Oscillospirales,Butyricicoccaceae,UCG-008,NA,59,112,60,215,0
fa67a5fd4483ac232790cbc68e960e07,134,FALSE,FALSE,FALSE,FALSE,d__Bacteria,Firmicutes,Clostridia,Oscillospirales,Oscillospiraceae,UCG-005,NA,6176,8595,4467,7850,1752
facefd2788dd444113ae3e8a1c8a5c15,153,FALSE,FALSE,FALSE,TRUE,d__Bacteria,Firmicutes,Clostridia,Lachnospirales,Lachnospiraceae,Lachnospiraceae_UCG-006,NA,6,11,36,23,0
fadb706b3e23b70320553c43b3d4d1c1,112,FALSE,FALSE,FALSE,FALSE,d__Bacteria,Firmicutes,Clostridia,Lachnospirales,Lachnospiraceae,Lachnospiraceae_XPB1014_group,NA,19,24,152,78,7
fbace46fb907b772e0e752ce18433f49,63,FALSE,FALSE,FALSE,FALSE,d__Bacteria,Firmicutes,Clostridia,Oscillospirales,[Clostridium]_methylpentosum_group,[Clostridium]_methylpentosum_group,NA,11,0,2,6,0
fccce1462498d8f3a9c255b36f127280,84,FALSE,FALSE,FALSE,FALSE,d__Bacteria,Firmicutes,Clostridia,Lachnospirales,Lachnospiraceae,Lachnospiraceae_NK4B4_group,NA,0,0,50,5,4
