"","Kingdom","Phylum","Class","Order","Family","Genus","Species","BNW-DC-A","BNW-DC-B","BNW-PC1-A","BNW-PC1-B","BNW-PC2-A","BNW-PC2-B","BNW-PC3-A","BNW-PC3-B","BNW-PC4-A","BNW-PC4-B","SHNW-DC1-A","SHNW-DC1-B","SHNW-DC3-A","SHNW-DC3-B","SHNW-PC1-A","SHNW-PC1-B","SHNW-PC2-A","SHNW-PC2-B","SHNW-PC3-A","SHNW-PC3-B"
"c11f8543b6bd0edd4e8fb065cf4d231f","d__Archaea","Halobacterota","Methanomicrobia","Methanomicrobiales","Methanocorpusculaceae","Methanocorpusculum",NA,76,73,5,5,3,0,6,5,66,34,0,0,0,0,0,0,0,0,0,0
"f15614638ec852a1a13d53076ce826ed","d__Archaea","Halobacterota","Methanosarcinia","Methanosarciniales","Methanosarcinaceae","Methanimicrococcus",NA,0,0,13,13,1,0,0,0,0,0,0,0,0,0,0,0,0,0,0,0
"7472ec95c29d49174119768f69de5fef","d__Archaea","Euryarchaeota","Methanobacteria","Methanobacteriales","Methanobacteriaceae","Methanobrevibacter",NA,7,10,0,0,2,0,8,6,4,3,0,0,0,0,0,0,0,0,0,0
"b43ce775072c45ba1797722aa94648e4","d__Archaea","Thermoplasmatota","Thermoplasmata","Methanomassiliicoccales","Methanomethylophilaceae","Candidatus_Methanomethylophilus",NA,2,4,0,0,0,0,1,5,0,0,66,103,77,32,7,4,16,49,61,134
"6fa5c4655757092ee8e18204d1aee364","d__Archaea","Thermoplasmatota","Thermoplasmata","Methanomassiliicoccales","Methanomethylophilaceae","uncultured",NA,37,60,0,0,0,0,11,10,24,4,0,0,0,0,0,0,0,0,0,0
"6037281c238b364fc2eee33f27f3bdfe","d__Archaea","Thermoplasmatota","Thermoplasmata","Methanomassiliicoccales","Methanomethylophilaceae",NA,NA,18,45,0,0,0,0,14,18,14,23,43,18,100,76,0,0,0,0,8,17
"d72faa43a44d0acff156be88534e7c19","d__Bacteria","Proteobacteria","Gammaproteobacteria","Burkholderiales",NA,NA,NA,4,4,0,0,15,0,4,13,1,3,0,0,0,0,0,0,0,0,0,0
"40102321255e2efbc271b39a92d8daed","d__Bacteria","Proteobacteria","Gammaproteobacteria","Burkholderiales","Neisseriaceae","Neisseria",NA,0,0,0,0,0,0,0,0,0,0,0,0,1,0,0,0,0,0,0,0
"1bcd7aa7decb9a7b3367ba34d480bea8","d__Bacteria","Proteobacteria","Gammaproteobacteria","Burkholderiales","Sutterellaceae","Sutterella",NA,0,0,16,74,7,6,1,0,0,0,15,14,15,11,81,64,30,67,84,99
"025820c3761e0ca5af17b5785045d861","d__Bacteria","Cyanobacteria","Cyanobacteriia","Chloroplast","Chloroplast","Chloroplast",NA,8,11,0,1,2,8,4,6,23,11,0,0,1,3,0,0,0,1,0,1
"947eea8f98d5b7fc2dab6e755910c4f6","d__Bacteria","Cyanobacteria","Vampirivibrionia","Gastranaerophilales","Gastranaerophilales","Gastranaerophilales",NA,82,47,3,1,36,25,90,39,124,101,53,64,30,9,13,13,13,25,90,177
"744323579dff3d0db4a04aafd3abbc35","d__Bacteria","Campilobacterota","Campylobacteria","Campylobacterales","Campylobacteraceae","Campylobacter",NA,1,2,6,0,0,0,1,11,2,0,17,29,32,40,28,68,3,9,29,44
"9d5e637d4afe54e642a84fa353c1f490","d__Bacteria","Campilobacterota","Campylobacteria","Campylobacterales","Helicobacteraceae","Helicobacter",NA,14,18,0,0,6,0,8,4,10,14,10,36,40,64,8,24,5,34,90,90
"7815f20467e77fbd0744bd384a2e942f","d__Bacteria","Proteobacteria","Alphaproteobacteria","Rhodospirillales","uncultured","uncultured",NA,0,0,0,0,0,0,0,0,0,0,56,70,43,20,566,586,70,43,54,101
"3d2a65ead1aa92e07569eb18dceec4cc","d__Bacteria","Proteobacteria","Alphaproteobacteria","Paracaedibacterales","Paracaedibacteraceae","uncultured",NA,6,2,29,37,18,0,6,4,1,0,0,0,0,0,0,0,0,0,0,0
"bffc2cbc5f9c1f1a1c5cdbc24e1d60ed","d__Bacteria","Proteobacteria","Alphaproteobacteria","Rickettsiales",NA,NA,NA,0,0,0,0,0,0,0,0,0,0,2,0,0,0,0,0,4,0,4,4
"2f4f2d2224bb0ae1f9b7fdb1237e2bb8","d__Bacteria","Proteobacteria","Alphaproteobacteria","Rickettsiales","Rickettsiaceae","Rickettsia",NA,0,0,2,4,0,0,0,0,0,0,0,0,0,0,0,0,0,0,0,0
"8bb8e816736cb1d7c5dbfcb424a1701c","d__Bacteria","Proteobacteria","Alphaproteobacteria",NA,NA,NA,NA,0,0,0,0,0,0,0,0,0,0,1,0,0,4,0,0,5,0,0,2
"793607ca65fd0eb000b95cd3628f0dad","d__Bacteria","Proteobacteria","Alphaproteobacteria","Rickettsiales","Mitochondria","Mitochondria",NA,1,0,6,13,1,0,0,0,0,0,0,0,0,0,0,0,0,0,0,0
"939bd264bf3607ed9ab0032bcb7aaf55","d__Bacteria","Desulfobacterota","Desulfovibrionia","Desulfovibrionales","Desulfovibrionaceae","Bilophila",NA,0,0,0,0,2,0,0,0,0,0,14,17,11,18,0,1,2,2,32,25
"963308283eb98417bd8983715a0aa68b","d__Bacteria","Desulfobacterota","Desulfovibrionia","Desulfovibrionales","Desulfovibrionaceae","Mailhella",NA,0,0,0,0,0,0,0,0,0,0,7,15,4,13,19,15,9,16,22,11
"debb6c016de97e9589379258353e69b5","d__Bacteria","Desulfobacterota","Desulfovibrionia","Desulfovibrionales","Desulfovibrionaceae","uncultured",NA,0,0,58,48,17,0,0,0,0,0,0,0,0,2,4,5,0,0,0,0
"eeb33c446cdbb13c08986ad57f36b1e8","d__Bacteria","Desulfobacterota","Desulfovibrionia","Desulfovibrionales","Desulfovibrionaceae","Desulfovibrio",NA,27,32,126,319,99,8,16,32,12,18,43,63,117,203,19,16,0,0,64,74
"78046bf7d8a1ad0dae1b3a718a9a4176","d__Bacteria","Deferribacterota","Deferribacteres","Deferribacterales","Deferribacteraceae","Mucispirillum",NA,0,0,5,10,6,0,0,0,0,0,0,1,0,0,1,2,0,0,0,1
"7d47f268c432b1f2d0cadcf4838f6f0a","d__Bacteria","Chloroflexi","Anaerolineae","Anaerolineales","Anaerolineaceae","Flexilinea",NA,19,10,0,0,0,0,0,0,6,4,0,0,0,0,0,0,0,0,0,0
"51a456890a86cde1ed771cd37cf6c543","d__Bacteria","Actinobacteriota","Actinobacteria","Corynebacteriales","Mycobacteriaceae","Mycobacterium",NA,0,0,0,0,0,0,0,0,0,0,0,0,2,0,0,0,0,0,0,0
"f28642ac95e5eb2fc0344676e48dc041","d__Bacteria","Fusobacteriota","Fusobacteriia","Fusobacteriales","Fusobacteriaceae","Fusobacterium",NA,7,3,4,0,6,8,13,5,1,6,8,1,11,5,23,4,6,4,16,7
"469c0edaef0f4a75df0371b9ec3ff462","d__Bacteria","Firmicutes","Bacilli","Erysipelotrichales","Erysipelatoclostridiaceae","Erysipelotrichaceae_UCG-003",NA,2,6,299,104,88,17,5,52,0,4,0,0,0,0,0,0,0,0,0,0
"a006b6d0ffdf13ae7e1276e78a3bf644","d__Bacteria","Firmicutes","Bacilli","Erysipelotrichales","Erysipelatoclostridiaceae",NA,NA,0,0,0,0,0,3,2,0,0,0,0,0,0,0,1,0,0,0,2,0
"dd6c2fd9183f0a600fad8cbe105ad6b4","d__Bacteria","Firmicutes","Bacilli","Erysipelotrichales","Erysipelatoclostridiaceae","Erysipelatoclostridiaceae",NA,0,0,0,0,0,0,0,0,0,0,3,9,5,7,21,41,16,8,16,1
"5bbbb11c17b27337db4f90cdc35aaf9f","d__Bacteria","Firmicutes","Bacilli","Erysipelotrichales","Erysipelatoclostridiaceae","Erysipelatoclostridium",NA,1,0,17,1,69,13,7,5,1,4,0,0,0,0,0,0,0,0,0,0
"0abb9e6bc668dc34899c986d4e9bb5b3","d__Bacteria","Firmicutes","Negativicutes","Veillonellales-Selenomonadales","Veillonellaceae",NA,NA,0,0,0,0,0,0,0,0,0,0,0,0,0,0,0,0,3,1,3,0
"1bf277683b1493b89bcd2e1db018234a","d__Bacteria","Firmicutes","Clostridia","Oscillospirales","Ruminococcaceae","Pygmaiobacter",NA,0,0,0,0,77,0,21,70,4,4,1,0,1,0,0,0,0,3,4,2
"22bcce8743126189b7c244d8b21ed392","d__Bacteria","Firmicutes","Clostridia","Oscillospirales","Ruminococcaceae","UBA1819",NA,0,0,0,0,6,0,0,0,0,0,8,11,10,3,0,0,2,6,16,4
"1e44242730e75e511aa93c3587df9497","d__Bacteria","Firmicutes","Clostridia","Oscillospirales","Ruminococcaceae",NA,NA,29,46,185,170,277,276,60,72,30,37,74,103,19,15,132,112,86,105,271,176
"1d3e62e8c39cd276322ecd2c03f78404","d__Bacteria","Firmicutes","Clostridia","Oscillospirales","Oscillospiraceae","V9D2013_group",NA,0,0,0,0,0,0,0,8,2,2,0,0,0,0,0,0,0,0,0,0
"d45854414d5056ea9637c1675d63e62a","d__Bacteria","Firmicutes","Clostridia","Oscillospirales","Oscillospiraceae","Papillibacter",NA,25,27,0,0,0,0,9,2,10,29,425,329,790,707,0,0,0,0,132,93
"3e2da50cfe2ef3bdb3970fc7d9b926e0","d__Bacteria","Firmicutes","Clostridia","Oscillospirales","Oscillospiraceae","UCG-007",NA,0,2,0,0,0,0,0,0,0,0,2,9,5,0,7,3,20,26,4,4
"1485c1e112bf2cdbc63c2d4aed4ab5a5","d__Bacteria","Firmicutes","Clostridia","Oscillospirales","Oscillospiraceae",NA,NA,81,84,8,7,57,25,122,203,60,79,57,70,101,121,45,40,90,72,97,64
"7890d807ecb73a8165bae82ae14ee009","d__Bacteria","Firmicutes","Clostridia","Oscillospirales","Oscillospiraceae","NK4A214_group",NA,841,665,140,88,690,136,1104,1150,687,875,189,250,433,515,57,72,66,61,243,99
"9ee055bdd109e45631460237abe67bb9","d__Bacteria","Firmicutes","Clostridia","Oscillospirales","Butyricicoccaceae","UCG-009",NA,2,3,0,0,0,0,0,0,1,2,0,3,6,3,0,0,1,0,4,2
"77747330bd5601fcce5ad38cc0c89daf","d__Bacteria","Firmicutes","Clostridia","Oscillospirales","Oscillospiraceae","Oscillospiraceae",NA,0,0,0,0,0,0,0,0,0,0,5,2,5,8,4,2,13,11,6,5
"9a0005af00f693ffee3932b4d4bfbe96","d__Bacteria","Firmicutes","Clostridia","Oscillospirales","Oscillospiraceae","UCG-002",NA,55,54,0,0,2,0,95,117,74,78,88,112,131,121,0,3,32,21,73,36
"2b3c37196f6b206549eb83d9bf7cab04","d__Bacteria","Firmicutes","Clostridia","Oscillospirales","Oscillospiraceae","Oscillibacter",NA,0,3,7,28,34,24,0,0,0,0,59,84,68,69,45,79,345,326,312,224
"ae195294bb6f17cc2622d1684274c62b","d__Bacteria","Bacteroidota","Bacteroidia",NA,NA,NA,NA,364,261,872,976,1082,1673,515,518,136,289,3798,8297,11536,8156,723,778,555,581,5330,4461
"ddcc92c20e2bdb38f764c6f33b9da3a4","d__Bacteria","Bacteroidota","Bacteroidia","Bacteroidales","F082","F082",NA,176,274,0,0,6,1,318,187,66,120,705,942,1320,1267,0,0,0,0,725,647
"3b281535b9de26083a80ac79a24ff951","d__Bacteria","Bacteroidota","Bacteroidia","Bacteroidales","Rikenellaceae","DMER64",NA,114,66,0,0,0,0,11,4,69,39,0,0,0,0,0,0,0,0,0,0
"4b546e02297735fdbe3f73a3132986c7","d__Bacteria","Bacteroidota","Bacteroidia","Bacteroidales","Marinilabiliaceae","uncultured",NA,369,549,0,0,0,0,6,0,134,199,0,0,0,0,0,0,0,0,0,0
"ce662d89245252b8ee16ae22c7944955","d__Bacteria","Bacteroidota","Bacteroidia","Bacteroidales","Rikenellaceae","hoa5-07d05_gut_group",NA,29,16,0,0,0,0,144,94,22,25,0,0,0,0,0,0,0,0,0,0
"ccb854fb6f307ae5d926bbd9a170152d","d__Bacteria","Firmicutes","Clostridia","Lachnospirales","Lachnospiraceae","Hungatella",NA,0,0,0,0,0,0,0,0,0,0,4,12,83,66,0,0,55,35,31,38
"2e416632792654afb1184b6e58f4f23a","d__Bacteria","Firmicutes","Clostridia","Lachnospirales","Lachnospiraceae","Lachnospiraceae_UCG-008",NA,14,5,0,0,0,0,11,22,4,4,87,206,32,17,6,5,271,171,84,90
"3a74df1f2eb8921a6471085dc118465f","d__Bacteria","Firmicutes","Clostridia","Lachnospirales","Lachnospiraceae","Dorea",NA,0,0,15,3,4,0,0,0,0,0,0,0,0,0,0,0,5,1,2,1
"fadb706b3e23b70320553c43b3d4d1c1","d__Bacteria","Firmicutes","Clostridia","Lachnospirales","Lachnospiraceae","Lachnospiraceae_XPB1014_group",NA,5,14,14,10,104,48,10,68,5,2,0,0,0,0,0,0,0,0,0,0
"25cd3e340d0e15212a6043e6e52e838d","d__Bacteria","Firmicutes","Clostridia","Lachnospirales","Lachnospiraceae","Pseudobutyrivibrio",NA,0,2,5,3,9,3,2,18,3,2,0,0,0,0,0,0,0,0,0,0
"59903699cddbf7ed6e27e83e7baa5d46","d__Bacteria","Firmicutes","Clostridia","Lachnospirales","Lachnospiraceae","Lachnospiraceae",NA,7,10,10,3,81,17,20,17,9,9,0,0,0,0,6,2,0,1,0,0
"14f2cf55f1ea3e82a4b8f70e2f134b14","d__Bacteria","Firmicutes","Clostridia","Lachnospirales","Lachnospiraceae","Roseburia",NA,17,11,270,261,712,181,144,575,24,7,13,12,0,0,272,152,42,68,32,31
"0365d421860a90db01c59613590d1e44","d__Bacteria","Firmicutes","Clostridia","Lachnospirales","Lachnospiraceae","Agathobacter",NA,0,1,215,35,224,66,6,26,1,0,0,0,0,0,0,0,0,0,0,0
"48cfd71d026c34ede8463ad4c2bf628f","d__Bacteria","Firmicutes","Clostridia","Lachnospirales","Lachnospiraceae","Blautia",NA,2,2,68,56,47,21,0,14,0,0,82,73,5,13,305,135,114,129,266,72
"d402726b59c5311f0980499aa1e9c1e3","d__Bacteria","Firmicutes","Clostridia","Lachnospirales","Lachnospiraceae","Lachnospiraceae_AC2044_group",NA,171,118,7,4,8,25,38,21,148,128,0,0,0,0,104,137,0,0,0,0
"9bb00305bb4298abac5834d262e552f5","d__Bacteria","Firmicutes","Clostridia","Lachnospirales","Lachnospiraceae","Lachnospiraceae_UCG-002",NA,0,1,0,0,0,0,6,1,1,0,0,0,0,0,0,0,2,1,1,1
"68f10272e874198eb447a935a493c1c6","d__Bacteria","Firmicutes","Clostridia","Lachnospirales","Lachnospiraceae","Lachnospiraceae_UCG-004",NA,2,2,3,2,13,12,7,2,2,3,5,8,2,0,7,7,5,11,40,25
"b5db6e635824d58398da5f7e3993a159","d__Bacteria","Firmicutes","Clostridia","Lachnospirales","Lachnospiraceae",NA,NA,211,269,1511,1284,1510,1218,246,560,260,190,2601,2021,1935,1720,5226,4076,10515,8089,2784,2314
"22211ecc135a75fcfab2f277c89f279b","d__Bacteria","Firmicutes","Clostridia","Lachnospirales","Lachnospiraceae","Lachnoclostridium",NA,4,1,12,2,14,8,4,0,1,1,32,25,60,21,193,145,146,239,386,169
"a1f814c0108126f9ba8fe9e47d8b0605","d__Bacteria","Firmicutes","Clostridia","Lachnospirales","Lachnospiraceae","[Ruminococcus]_torques_group",NA,0,0,4,5,0,0,0,1,0,0,1,5,0,0,9,20,0,0,4,0
"c2a344fdb189d89119a0b823c1c935a1","d__Bacteria","Firmicutes","Clostridia","Lachnospirales","Lachnospiraceae","Acetitomaculum",NA,0,0,0,0,0,0,0,3,1,0,24,20,8,10,8,0,26,18,57,43
"9fa4c96c7e4f0a2b902b8424b2eb747e","d__Bacteria","Firmicutes","Clostridia","Lachnospirales","Lachnospiraceae","Oribacterium",NA,11,13,10,1,20,0,4,2,6,11,0,0,0,0,4,5,4,0,0,0
"13de7d3eb005bb8f0da716d1d6bec34a","d__Bacteria","Firmicutes","Clostridia","Lachnospirales","Lachnospiraceae","Marvinbryantia",NA,5,0,135,91,97,16,8,40,1,0,38,24,3,5,65,83,83,42,83,22
"facefd2788dd444113ae3e8a1c8a5c15","d__Bacteria","Firmicutes","Clostridia","Lachnospirales","Lachnospiraceae","Lachnospiraceae_UCG-006",NA,0,0,7,0,17,7,1,15,0,0,2,0,4,0,3,1,7,5,5,2
"a89e71ca1cc22e1e07b4bccd9d96ed68","d__Bacteria","Firmicutes","Clostridia","Lachnospirales","Lachnospiraceae","Anaerostipes",NA,0,0,3,0,1,4,0,0,0,0,0,0,0,0,0,0,0,0,0,0
"ef3260bf63c8e48691d8ad21ddd07187","d__Bacteria","Firmicutes","Clostridia","Lachnospirales","Lachnospiraceae","Lachnospiraceae_NC2004_group",NA,1,1,11,28,52,73,3,17,1,0,0,0,0,0,27,17,0,0,0,0
"a69f32e279b804e42d90a9a7f5200bee","d__Bacteria","Firmicutes","Clostridia","Lachnospirales","Lachnospiraceae","Coprococcus",NA,19,21,336,240,1207,1032,123,285,53,31,10,19,9,22,157,136,10,24,87,39
"3d6700303a3e329dd8305dbba23248fb","d__Bacteria","Firmicutes","Clostridia","Lachnospirales","Lachnospiraceae","[Eubacterium]_ruminantium_group",NA,4,18,56,22,295,136,45,198,28,16,31,23,4,4,552,375,41,52,57,21
"debb32f034d58bbb9c944cdbdc709c02","d__Bacteria","Firmicutes","Clostridia","Lachnospirales","Lachnospiraceae","[Eubacterium]_xylanophilum_group",NA,0,0,0,0,0,0,0,0,0,0,0,0,0,0,4,7,0,0,0,0
"713dfb0e8b724717dd54665e49cc8f86","d__Bacteria","Firmicutes","Clostridia","Lachnospirales","Lachnospiraceae","Anaerosporobacter",NA,0,0,0,0,1,0,3,0,0,0,777,709,65,149,16,23,1949,1314,926,914
"7422ed4853dc503840ffc5c250f336af","d__Bacteria","Firmicutes","Clostridia","Lachnospirales","Lachnospiraceae","[Eubacterium]_eligens_group",NA,0,0,0,0,0,0,0,0,0,0,0,0,0,0,108,130,0,1,0,0
"2cc23f7072806ec4437a548ce7e90b13","d__Bacteria","Firmicutes","Clostridia","Lachnospirales","Lachnospiraceae","Lachnospira",NA,0,0,0,0,0,0,0,0,0,0,4,6,1,0,245,166,0,2,2,2
"2a02ef7bc7fb82a314ce2dbf9bc41414","d__Bacteria","Firmicutes","Clostridia","Lachnospirales","Lachnospiraceae","[Bacteroides]_pectinophilus_group",NA,0,0,0,0,0,0,0,0,0,0,0,0,0,0,4,7,0,0,0,0
"6843cf5c95bc7c31ad56d05b8990ec93","d__Bacteria","Bacteroidota","Bacteroidia","Bacteroidales","Rikenellaceae","Rikenellaceae_RC9_gut_group",NA,5385,5265,350,252,1041,527,5484,4302,7035,6290,6429,4086,2119,1537,1344,1111,7841,8893,7409,7102
"22ce29730a758cc63d10ff6c72318202","d__Bacteria","Bacteroidota","Bacteroidia","Bacteroidales","Rikenellaceae",NA,NA,108,108,0,0,2,0,106,83,166,123,70,136,112,186,0,0,0,0,47,59
"bdb8690e9b3b321ffff92ccae5d175c7","d__Bacteria","Bacteroidota","Bacteroidia","Bacteroidales","Rikenellaceae","SP3-e08",NA,228,263,0,0,2,1,147,89,305,229,114,220,664,961,0,0,0,0,128,89
"ae05240d2e6324e39e4761c5733f1acc","d__Bacteria","Bacteroidota","Bacteroidia","Bacteroidales","Prevotellaceae","Prevotellaceae_UCG-001",NA,32,46,8344,6753,6137,12633,84,1456,23,14,9,12,3,8,67,72,58,32,6,12
"5e348dfbb683807e94a9e6a91e1eb9a9","d__Bacteria","Bacteroidota","Bacteroidia","Bacteroidales","Prevotellaceae","Prevotellaceae_UCG-003",NA,201,359,722,711,803,526,139,98,438,336,354,282,665,1153,3768,4202,546,904,886,1194
"d48911b56ec64800ecdb29067de21748","d__Bacteria","Bacteroidota","Bacteroidia","Bacteroidales","Prevotellaceae","Prevotellaceae_Ga6A1_group",NA,0,2,0,1,2,5,3,0,1,0,3,0,0,0,2,0,0,2,7,0
"454b7951eb487cb41fd3931a3265dad5","d__Bacteria","Bacteroidota","Bacteroidia","Bacteroidales","Prevotellaceae",NA,NA,0,0,33,100,29,1,0,0,0,0,0,0,0,0,0,0,0,0,0,0
"646524b2aa8b3814a10fe4012edaee59","d__Bacteria","Bacteroidota","Bacteroidia","Bacteroidales","uncultured","uncultured",NA,0,0,0,0,0,0,0,0,0,0,61,47,0,5,41,20,141,166,99,119
"a8f59de1086c05b248b5ca63e9fbab05","d__Bacteria","Bacteroidota","Bacteroidia","Bacteroidales","Bacteroidales_UCG-001","Bacteroidales_UCG-001",NA,9986,9480,8,2,33,16,6161,3122,5511,5257,473,262,351,503,5,7,0,7,63,58
"288ef6eb35d7156849cc558d7c171a5a","d__Bacteria","Bacteroidota","Bacteroidia","Bacteroidales","Williamwhitmaniaceae","Blvii28_wastewater-sludge_group",NA,0,0,0,0,0,0,0,0,0,0,0,0,3,3,0,0,0,0,0,0
"dd52da36418e8ff34b61136ae44552d4","d__Bacteria","Bacteroidota","Bacteroidia","Bacteroidales","Muribaculaceae","Muribaculaceae",NA,583,668,138,269,225,120,1295,2380,961,1048,34,20,26,18,866,1097,422,266,119,68
"011e4dbbb190c99b0642fd81d7ca0e7e","d__Bacteria","Bacteroidota","Bacteroidia","Bacteroidales","Dysgonomonadaceae","Dysgonomonas",NA,26,6,0,0,0,0,0,0,1,0,0,0,0,0,0,0,0,0,0,0
"afd56efe1e446085b67d430db0612f18","d__Bacteria","Bacteroidota","Bacteroidia","Bacteroidales","Tannerellaceae",NA,NA,0,4,3,4,14,8,9,7,5,6,288,359,441,335,25,18,498,451,527,415
"ede21a7b6701db6b500a5e41dd00bf18","d__Bacteria","Bacteroidota","Bacteroidia","Bacteroidales","Tannerellaceae","Parabacteroides",NA,30,39,77,68,159,137,114,55,17,59,212,210,120,121,525,668,209,257,308,224
"2c528257d0358d7df5a9fed95430d0ca","d__Bacteria","Bacteroidota","Bacteroidia","Bacteroidales","Bacteroidaceae","Bacteroides",NA,27,20,1080,2571,989,660,133,176,24,31,97,158,63,82,5540,5144,296,387,474,445
"ab57bf3b2b4d5f7e3f720218859186ae","d__Bacteria","Bacteroidota","Bacteroidia","Bacteroidales","Prevotellaceae","Prevotellaceae_UCG-004",NA,445,442,0,1,39,0,282,418,458,767,1,4,14,15,15,17,22,11,5,10
"afd83090649eabe5826a431573ac3154","d__Bacteria","Bacteroidota","Bacteroidia","Bacteroidales","Bacteroidales_RF16_group","Bacteroidales_RF16_group",NA,6,25,3867,5689,5509,4412,44,608,16,8,863,786,534,388,709,736,6107,5611,1300,1779
"f271ab4cf03ca8694dd38122a2f5d928","d__Bacteria","Bacteroidota","Bacteroidia","Bacteroidales","Paludibacteraceae","uncultured",NA,0,0,9,23,4,0,0,0,0,0,307,185,42,40,73,164,156,210,1805,1715
"d453a2fb9e23257387fa8cf8651c9ba1","d__Bacteria","Synergistota","Synergistia","Synergistales","Synergistaceae","uncultured",NA,2,0,0,0,1,0,0,0,0,0,0,0,1,0,0,0,0,0,0,0
"c53e001049b92f0159404e0d66784d7e","d__Bacteria","Synergistota","Synergistia","Synergistales","Synergistaceae","Cloacibacillus",NA,0,0,0,0,2,0,1,0,0,1,0,0,0,0,0,0,0,0,0,0
"1e4607965055b84a78dcbd4d97abdada","d__Bacteria","Synergistota","Synergistia","Synergistales","Synergistaceae","Pyramidobacter",NA,36,30,0,0,0,0,1,0,31,10,33,56,96,88,0,0,0,0,29,6
"a27a2ea36188db7fe30f881fee2aba05","d__Bacteria","Bacteroidota","Bacteroidia","Bacteroidales","Prevotellaceae","Prevotella",NA,73,80,7110,9163,5267,8623,306,608,66,120,346,275,114,218,13009,12425,1364,1439,636,951
"8d64a5384aa91113f8abd1ca933915ed","d__Bacteria","Firmicutes","Clostridia","Lachnospirales","Lachnospiraceae","Lachnospiraceae_FCS020_group",NA,0,0,3,7,8,0,1,0,0,0,2,0,0,0,1,1,0,0,0,0
"b3768ad8087249a1e67e4ea3500e4d4e","d__Bacteria","Firmicutes","Clostridia","Lachnospirales","Lachnospiraceae","Lachnospiraceae_NK4A136_group",NA,0,0,0,0,15,0,0,0,0,0,51,40,16,30,234,194,104,89,46,51
"72723846e19bea69b4ab3599d3dbfa01","d__Bacteria","Firmicutes","Clostridia","Oscillospirales","[Eubacterium]_coprostanoligenes_group","[Eubacterium]_coprostanoligenes_group",NA,463,489,69,20,720,106,2364,3738,787,770,245,488,339,314,21,22,104,73,333,209
"7bb11f39c021687f74772c0d923c97f5","d__Bacteria","Verrucomicrobiota","Verrucomicrobiae","Verrucomicrobiales","Akkermansiaceae","Akkermansia",NA,2,2,7,3,5,3,3,0,0,6,0,4,1,0,9,1,0,1,6,1
"2632651d6c662d1eec6b2f2840eede1f","d__Bacteria","Firmicutes","Clostridia","Lachnospirales","Lachnospiraceae","Butyrivibrio",NA,0,0,0,0,2,0,0,0,0,0,0,0,0,0,0,0,0,0,0,0
"a1e73098440a9d154a5ff5e0bcb5b483","d__Bacteria","Firmicutes","Clostridia","Lachnospirales","Lachnospiraceae","Lachnospiraceae_ND3007_group",NA,6,10,468,492,30,1,4,22,10,11,18,12,1,3,32,52,42,58,40,18
"c85faf85d83afa0a4aaf76f6c953091a","d__Bacteria","Firmicutes","Clostridia","Lachnospirales","Lachnospiraceae","Howardella",NA,0,0,0,0,0,0,0,0,0,0,0,0,0,0,1,3,2,2,1,0
"1147fbeb006ab365d9ceb666af184beb","d__Bacteria","Firmicutes","Clostridia","Lachnospirales","Lachnospiraceae","Lachnospiraceae_UCG-007",NA,0,0,0,0,0,0,0,0,0,0,37,25,0,0,34,16,162,222,24,16
"6805f46483e99c605894f3fa3d6dc334","d__Bacteria","Firmicutes","Clostridia","Lachnospirales","Lachnospiraceae","[Eubacterium]_ventriosum_group",NA,1,0,35,1,19,9,0,16,0,0,0,2,6,6,131,68,0,0,3,0
"8335724d2e09162e73bf1ec9b4fc1451","d__Bacteria","Firmicutes","Clostridia","Peptostreptococcales-Tissierellales","Peptostreptococcaceae","Paraclostridium",NA,0,0,3,0,0,0,0,0,0,0,0,0,0,0,0,0,0,0,0,0
"996f57e644e505e3a9ce8ed88163a5ef","d__Bacteria","Firmicutes","Clostridia","Peptostreptococcales-Tissierellales","Peptostreptococcaceae","Terrisporobacter",NA,0,0,197,0,0,0,0,0,0,1,0,11,8,8,0,2,24,15,8,6
"1ab21b7b34a236d7533267148940e792","d__Bacteria","Firmicutes","Clostridia","Peptostreptococcales-Tissierellales","Peptostreptococcaceae","Intestinibacter",NA,8,8,105,0,47,0,3,18,3,3,76,96,45,56,24,32,237,273,55,49
"11fbc7a9ec4c3cfd526984b53ff3edfe","d__Bacteria","Firmicutes","Clostridia","Peptostreptococcales-Tissierellales","Peptostreptococcaceae",NA,NA,5,3,30,0,0,0,7,6,13,5,27,45,55,61,2,38,25,34,10,15
"cb7f6532924a16ea146c747da7886096","d__Bacteria","Firmicutes","Clostridia","Peptostreptococcales-Tissierellales","Peptostreptococcaceae","Paeniclostridium",NA,6,0,396,6,13,12,1,0,0,6,0,1,1,1,3,1,0,0,9,1
"d5aa9ac3d8cf8128c656a50a7e5f9373","d__Bacteria","Firmicutes","Clostridia","Peptostreptococcales-Tissierellales","Peptostreptococcaceae","Romboutsia",NA,0,0,17,0,0,0,0,0,0,0,0,0,0,0,0,0,0,0,0,0
"ea8fe47efa5a7c2c5afaf3d50ae7897e","d__Bacteria","Firmicutes","Clostridia","Lachnospirales","Lachnospiraceae","[Eubacterium]_hallii_group",NA,20,9,32,5,46,10,17,88,0,5,13,31,15,21,13,13,40,45,47,7
"fccce1462498d8f3a9c255b36f127280","d__Bacteria","Firmicutes","Clostridia","Lachnospirales","Lachnospiraceae","Lachnospiraceae_NK4B4_group",NA,0,0,0,0,15,35,0,5,4,0,0,0,0,0,0,0,0,0,0,0
"0832c60d4896685f07a093c9cb0e0448","d__Bacteria","Firmicutes","Clostridia","Lachnospirales","Lachnospiraceae","Tyzzerella",NA,0,1,10,22,3,7,2,1,1,1,7,4,4,0,203,185,0,4,6,9
"4edc7932b6df10c4fa9218ed2747c193","d__Bacteria","Firmicutes","Clostridia","Lachnospirales","Lachnospiraceae","Lachnospiraceae_UCG-010",NA,0,0,0,0,2,2,2,4,0,0,2,0,12,4,0,0,20,4,4,4
"a2f5369f1fd8edd1426e08c67ce5fa6e","d__Bacteria","Firmicutes","Clostridia","Lachnospirales","Lachnospiraceae","Anaerostignum",NA,0,0,0,0,0,0,0,0,0,0,0,3,2,5,0,0,13,10,11,1
"a1a89105eea07ab6a48500ef58c0b8fd","d__Bacteria","Firmicutes","Clostridia","Lachnospirales","Lachnospiraceae","Tuzzerella",NA,9,13,0,0,0,4,4,0,6,5,1,5,0,2,2,4,5,4,6,5
"83238ac0ee031017e7b58c0a35623249","d__Bacteria","Firmicutes","Clostridia","Lachnospirales","Lachnospiraceae","uncultured",NA,2,1,0,0,0,0,0,0,3,2,38,6,2,1,0,0,362,91,30,15
"a198d96695fe0e573ea7ef39ca5e9150","d__Bacteria","Firmicutes","Clostridia","Lachnospirales","Lachnospiraceae","Cellulosilyticum",NA,0,0,20,0,0,0,0,0,0,0,403,1121,56,73,4,14,2109,1435,113,154
"09bcf2b879d97546475e7ec7e6710f4f","d__Bacteria","Firmicutes","Clostridia","Oscillospirales","Butyricicoccaceae","Butyricicoccus",NA,0,0,3,0,15,2,0,0,0,0,6,6,1,1,0,0,0,0,8,2
"4e02c8d8f902fff586a6ebab627cf55b","d__Bacteria","Firmicutes","Clostridia","Oscillospirales","Ruminococcaceae","DTU089",NA,0,0,0,0,0,0,0,0,0,0,0,0,4,0,0,0,3,1,2,3
"a0a02944230ab7ec0b5f2ae02e017684","d__Bacteria","Firmicutes","Clostridia","Oscillospirales","Ruminococcaceae","CAG-352",NA,0,0,82,60,473,41,64,112,1,1,17,30,59,77,28,27,3,0,16,16
"f87b82d7603351c6e21da60187a60e85","d__Bacteria","Firmicutes","Clostridia","Oscillospirales","Butyricicoccaceae","UCG-008",NA,0,0,56,27,33,13,0,4,0,0,15,21,5,18,9,20,6,8,159,52
"d2f561fe718b8c082cd80c9f2792ca3e","d__Bacteria","Firmicutes","Clostridia","Oscillospirales","Oscillospirales","Oscillospirales",NA,0,0,0,0,0,0,0,0,0,0,0,0,0,0,11,3,0,0,0,0
"8c4c82ced90c9510ec8ce1eec9ecd024","d__Bacteria","Firmicutes","Clostridia","Oscillospirales","Ruminococcaceae","Incertae_Sedis",NA,0,0,8,5,25,15,0,13,0,0,0,0,0,0,0,0,0,0,2,0
"49401bda4244672821cc3faa88f085e1","d__Bacteria","Firmicutes","Clostridia","Oscillospirales","Ruminococcaceae","Paludicola",NA,0,0,0,0,0,0,0,0,1,0,0,5,2,0,0,0,6,3,11,7
"af3d6e5f19184ff7e361a365bd55e9bc","d__Bacteria","Firmicutes","Clostridia","Oscillospirales","Ruminococcaceae","Negativibacillus",NA,2,0,0,0,0,0,1,1,1,0,0,0,0,0,0,0,0,0,0,0
"fbace46fb907b772e0e752ce18433f49","d__Bacteria","Firmicutes","Clostridia","Oscillospirales","[Clostridium]_methylpentosum_group","[Clostridium]_methylpentosum_group",NA,0,0,0,0,0,0,0,0,0,0,1,0,2,8,0,0,0,2,2,4
"aee1a7694203b3cbc8f51620b2537fc0","d__Bacteria","Firmicutes","Clostridia","Oscillospirales","Ethanoligenenaceae","Acetanaerobacterium",NA,0,0,0,0,0,0,0,0,0,0,0,0,4,5,0,0,2,0,1,0
"09df1ae278cb0c727db5670dc55b734d","d__Bacteria","Firmicutes","Clostridia","Oscillospirales","Ruminococcaceae","Candidatus_Soleaferrea",NA,63,71,1600,996,57,32,560,525,53,67,3,0,2,5,0,0,3,7,7,9
"e2e8da18efd0740b3f7c41a8ab8be5bb","d__Bacteria","Firmicutes","Clostridia","Oscillospirales","Oscillospirales","Hydrogenoanaerobacterium",NA,0,0,0,0,0,0,0,0,0,0,16,19,3,8,0,0,4,4,29,23
"28b0dadf7076e16f4424ab0cfb8dcb3f","d__Bacteria","Firmicutes","Clostridia","Oscillospirales","Ruminococcaceae","Angelakisella",NA,0,0,0,0,0,0,0,0,0,0,0,0,2,0,0,0,0,4,1,1
"8177ac76593b32a41f44c7104ab280b3","d__Bacteria","Firmicutes","Clostridia","Oscillospirales","Ruminococcaceae","Anaerotruncus",NA,0,0,0,0,0,0,0,0,0,0,0,3,0,0,0,0,0,0,1,0
"5ca1f9c2bbeb92a9fe6a5f38bba042fa","d__Bacteria","Firmicutes","Clostridia","Oscillospirales","Ruminococcaceae","Subdoligranulum",NA,0,5,78,80,70,44,1,23,0,0,31,51,32,16,68,81,314,250,164,91
"67a72b31d268ccf83a7b9cfb800dbf5b","d__Bacteria","Firmicutes","Clostridia","Oscillospirales","Ruminococcaceae","[Eubacterium]_siraeum_group",NA,0,0,0,0,0,0,0,0,0,0,0,1,0,0,3,8,0,0,1,4
"bae802bfa26953a9a3ea5bf8b06cc432","d__Bacteria","Firmicutes","Clostridia","Oscillospirales","Ruminococcaceae","Ruminococcus",NA,48,51,76,31,191,140,71,137,44,65,294,239,327,366,509,459,102,151,103,49
"fa67a5fd4483ac232790cbc68e960e07","d__Bacteria","Firmicutes","Clostridia","Oscillospirales","Oscillospiraceae","UCG-005",NA,1055,913,2991,2287,2128,891,2715,2177,883,869,1352,1124,834,899,1522,1795,647,801,1918,1038
"c8f1c4cfaa8e26d361fd493054cace0f","d__Bacteria","Firmicutes","Clostridia","Oscillospirales","UCG-010","UCG-010",NA,435,485,0,0,1181,0,1986,1509,867,680,1276,1442,1256,1439,2,6,349,377,702,928
"86ab975b6752c08c041209cacb6d4b5a","d__Bacteria","Firmicutes","Clostridia","Oscillospirales","Oscillospiraceae","Intestinimonas",NA,4,3,5,2,2,2,5,2,5,5,6,9,14,33,5,5,3,6,25,9
"98dc861fa9facdf163653fc55c96b850","d__Bacteria","Firmicutes","Clostridia","Oscillospirales","Oscillospiraceae","uncultured",NA,14,10,1,0,2,2,1,2,4,11,1,1,4,0,2,0,1,0,3,0
"7feda89dccc3cd8da4ca171266394506","d__Bacteria","Firmicutes","Clostridia","Oscillospirales","Oscillospiraceae","Colidextribacter",NA,17,15,138,96,205,82,27,57,10,15,45,58,26,24,13,10,21,44,157,78
"c6c50a0fe7128dfd2d7fd7dea1ad1303","d__Bacteria","Actinobacteriota","Coriobacteriia","Coriobacteriales","Atopobiaceae","uncultured",NA,0,0,62,47,51,8,0,9,0,0,0,0,0,0,0,0,0,0,0,0
"9ebf171a0e6b8faf10cfdb847a3ca4ca","d__Bacteria",NA,NA,NA,NA,NA,NA,92,118,6,6,3,5,26,35,28,56,86,171,173,183,0,2,0,1,76,52
"a7f7926a92ef0575380e5835d9d11c37","d__Bacteria","Verrucomicrobiota","Kiritimatiellae","WCHB1-41","WCHB1-41","WCHB1-41",NA,950,792,1,0,786,2,3243,2821,2671,2260,1234,1566,691,817,4,21,0,0,1182,1583
"91b387bfdf54f00e6296761d1c25b01d","d__Bacteria","Firmicutes","Bacilli",NA,NA,NA,NA,0,0,0,0,0,0,0,0,0,0,0,0,0,0,0,17,0,0,0,0
"4bdffaf00e25a4f1419ed4e7c8bfe571","d__Bacteria","Firmicutes","Bacilli","Lactobacillales","Aerococcaceae",NA,NA,0,0,0,0,0,0,0,0,0,0,0,0,0,0,3,3,0,0,0,0
"205dd9e33ffb1694e25b7de5391484d6","d__Bacteria","Firmicutes","Bacilli","Lactobacillales","Lactobacillaceae","Lactobacillus",NA,0,0,0,0,0,0,0,0,0,0,0,0,0,0,0,1,0,0,0,0
"7aaa508241c40a8685e802c0045b9cfd","d__Bacteria","Firmicutes","Bacilli","Erysipelotrichales","Erysipelotrichaceae","Turicibacter",NA,0,0,3,0,0,0,0,0,0,0,0,0,0,0,0,0,0,0,0,0
"e67b2a0f95433c7b29affe9e5a6a4c35","d__Bacteria","Firmicutes","Bacilli","Izemoplasmatales","Izemoplasmataceae","Izemoplasmataceae",NA,194,317,0,0,14,0,442,476,258,222,703,425,791,787,3,0,0,0,123,111
"8fab26754bb01f28c385e3201b899412","d__Bacteria","Firmicutes","Bacilli","Izemoplasmatales","Izemoplasmatales","Izemoplasmatales",NA,47,68,1,20,29,1,75,60,72,50,4226,3961,4370,4193,4,0,0,0,814,729
"3cecef24fb560c962293b23480ff882c","d__Bacteria","Firmicutes","Bacilli","Mycoplasmatales","Mycoplasmataceae","Mycoplasma",NA,0,0,5,14,17,0,0,0,0,0,0,0,0,0,0,0,0,0,0,0
"a1808403bed8f49eb0bcde6b17b1bb23","d__Bacteria","Firmicutes","Bacilli","RF39","RF39","RF39",NA,370,277,3,1,510,30,1631,2350,1430,853,394,582,326,291,76,106,414,313,570,371
"cb4c91d5b727037a597e10d368fbff7e","d__Bacteria","Firmicutes","Bacilli","Acholeplasmatales","Acholeplasmataceae","NED5E9",NA,0,0,0,0,0,1,2,0,0,1,202,205,91,83,813,855,197,200,290,307
"a18c1ac24c9463d908e8cd1df0febd22","d__Bacteria","Firmicutes","Bacilli","Acholeplasmatales","Acholeplasmataceae","T2WK15B57",NA,0,0,0,0,0,0,0,0,0,0,99,103,8,10,1516,1493,164,201,160,232
"3b4a56d663121b978750534196de3dfb","d__Bacteria","Firmicutes","Bacilli","Acholeplasmatales","Acholeplasmataceae","Anaeroplasma",NA,109,55,1515,2757,897,562,289,291,60,45,141,156,34,36,356,447,68,70,71,126
"d232023521b225e5ca4eb489bd45bdc2","d__Bacteria","Firmicutes","Bacilli","Erysipelotrichales","Erysipelotrichaceae",NA,NA,6,2,154,118,46,27,8,63,6,3,0,3,0,0,5,6,6,6,10,0
"f4f905e32c6e3df84bf9bf5d0ea1bbbb","d__Bacteria","Firmicutes","Bacilli","Erysipelotrichales","Erysipelotrichaceae","Breznakia",NA,0,0,0,0,0,0,0,0,0,3,4,18,6,21,0,1,6,6,30,7
"6558f4a314cfffd1fd99191cc1a50957","d__Bacteria","Firmicutes","Bacilli","Erysipelotrichales","Erysipelotrichaceae","Catenisphaera",NA,0,2,134,47,55,12,0,7,0,3,2,4,0,0,2,1,16,20,14,9
"2d2eb9c87c24b9b75ad0487164fd34f9","d__Bacteria","Firmicutes","Bacilli","Erysipelotrichales","uncultured","uncultured",NA,1,0,81,71,14,11,3,0,0,0,0,0,0,0,0,0,0,0,0,0
"27621ebbc013942826027db04134f9a6","d__Bacteria","Firmicutes","Bacilli","Erysipelotrichales","Erysipelotrichaceae","[Anaerorhabdus]_furcosa_group",NA,2,8,81,43,69,51,14,23,2,1,0,0,0,0,0,0,0,0,0,0
"6985e88ac478dfb11462d137faa87b7b","d__Bacteria","Firmicutes","Bacilli","Erysipelotrichales","Erysipelotrichaceae","uncultured",NA,77,53,0,0,3,0,21,26,101,46,10,7,16,39,3,10,1,3,10,2
"93738b5446bf51aeef57104f859786b8","d__Bacteria","Firmicutes","Bacilli","Erysipelotrichales","Erysipelatoclostridiaceae","UCG-004",NA,353,330,50,62,97,11,700,707,444,459,149,122,83,106,21,19,65,74,111,107
"c52089c41d633ea2d0dacf49bc26d702","d__Bacteria","Firmicutes","Bacilli","Erysipelotrichales","Erysipelatoclostridiaceae","Asteroleplasma",NA,0,0,1,4,1,0,0,0,0,0,0,0,0,0,0,0,0,0,0,0
"aa5d24639b8ea6ddee75b1354d7b70fe","d__Bacteria","Firmicutes","Bacilli","Lactobacillales","Streptococcaceae","Streptococcus",NA,1,8,2088,104,6,2,2,0,1,5,6,54,5,10,11,43,12,13,7,1
"3ea33c770a1fe070b3cba4dabb11706a","d__Bacteria","Firmicutes","Clostridia","Peptostreptococcales-Tissierellales","Sedimentibacteraceae","Sedimentibacter",NA,0,0,0,0,0,0,0,0,0,0,23,93,3,16,0,0,0,0,0,0
"21f463f65026ba063aba7a3ac1b531ae","d__Bacteria","Firmicutes","Clostridia","Peptostreptococcales-Tissierellales","Anaerovoracaceae","[Eubacterium]_nodatum_group",NA,0,0,10,11,205,39,22,83,5,3,197,122,23,43,23,18,107,101,194,216
"40e51cb9a1a4681f28eb18bc120cb096","d__Bacteria","Firmicutes","Clostridia","Peptostreptococcales-Tissierellales","Anaerovoracaceae","Family_XIII_AD3011_group",NA,163,160,18,3,23,3,265,552,184,119,104,155,100,172,4,5,94,108,524,275
"ec745861010dafe929ffbb6ddb0f2777","d__Bacteria","Firmicutes","Clostridia","Peptostreptococcales-Tissierellales","Anaerovoracaceae","Mogibacterium",NA,54,29,17,27,23,3,49,253,46,55,33,98,20,30,1,3,56,68,169,42
"12570061c6bb557c7fc774d486b10b77","d__Bacteria","Firmicutes","Clostridia","Peptostreptococcales-Tissierellales","Anaerovoracaceae",NA,NA,32,37,2,0,37,1,99,115,83,70,55,69,35,25,9,12,50,114,118,65
"349ad8b379c0088d459687d8fa6382ef","d__Bacteria","Firmicutes","Clostridia","Peptostreptococcales-Tissierellales","Anaerovoracaceae","[Eubacterium]_brachy_group",NA,0,0,0,0,0,0,0,0,0,0,0,6,0,0,0,0,4,0,5,3
"2d5d0cd36c4001b109c268d607b1de74","d__Bacteria","Firmicutes","Clostridia","Peptostreptococcales-Tissierellales","Anaerovoracaceae","Family_XIII_UCG-001",NA,204,201,6,0,8,1,8,1,95,84,5,0,2,4,9,11,13,16,20,7
"0745d132a7d7e1f203637a91d1d1790e","d__Bacteria","Firmicutes","Clostridia","Peptostreptococcales-Tissierellales","Anaerovoracaceae","uncultured",NA,0,0,0,0,0,0,0,0,0,0,6,16,11,7,0,0,0,0,43,16
"727a6dceb799648386302ba8e1e891f7","d__Bacteria","Firmicutes","Clostridia","Peptostreptococcales-Tissierellales","Anaerovoracaceae","Anaerovorax",NA,182,234,0,0,3,0,108,160,218,222,4,13,15,11,14,14,4,12,13,12
"56ebd902c7b75108bc0fd29fb154722d","d__Bacteria","Firmicutes","Clostridia","Peptostreptococcales-Tissierellales",NA,NA,NA,0,0,0,0,0,0,0,0,3,0,0,0,0,0,0,0,0,0,0,0
"4aa5555f5692a9715b1de65a40bfbefa","d__Bacteria","Firmicutes","Clostridia","Clostridiales","Clostridiaceae","Sarcina",NA,2,3,0,0,14,2,14,20,1,1,0,2,4,0,50,22,0,4,2,1
"6605addf4a80b3902496e74a5b58209a","d__Bacteria","Firmicutes","Clostridia","Clostridiales","Clostridiaceae","Clostridium_sensu_stricto_10",NA,0,0,0,0,0,0,0,0,0,0,47,127,7,15,0,0,0,0,4,1
"38fcb10ba27c2bc3960f09f73ef37ada","d__Bacteria","Firmicutes","Clostridia","Clostridiales","Clostridiaceae",NA,NA,0,0,0,0,0,0,0,0,0,0,5,19,6,15,140,78,254,88,13,2
"8bc89af69d3a39e6197c5521aca44471","d__Bacteria","Firmicutes","Clostridia","Clostridiales","Clostridiaceae","Clostridium_sensu_stricto_1",NA,0,0,316,0,0,0,4,0,0,2,112,204,66,112,207,239,131,116,85,49
"7760d9459e58d6822ced7c94d9359cff","d__Bacteria","Firmicutes","Clostridia","Peptococcales","Peptococcaceae","Peptococcus",NA,0,0,4,2,23,5,0,0,0,0,25,42,12,14,19,16,36,56,87,37
"ac95dc5dc9b7b10b989d983242bc39e6","d__Bacteria","Firmicutes","uncultured","uncultured","uncultured","uncultured",NA,0,0,0,0,0,0,0,0,0,0,0,5,3,5,0,0,0,0,6,4
"6e403602579e2ba7ecc9bf719970e902","d__Bacteria","Firmicutes","Clostridia","Christensenellales","Christensenellaceae",NA,NA,0,0,0,0,0,0,0,0,0,0,15,10,20,7,0,3,0,0,3,1
"3a0af7934b6356fc346d23b85dd635be","d__Bacteria","Firmicutes","Clostridia","Eubacteriales","Eubacteriaceae","Eubacterium",NA,3,6,0,0,0,0,0,0,0,2,0,0,0,0,0,0,0,0,0,0
"8172e7e476192575bb09374b419d0bb2","d__Bacteria","Firmicutes","Clostridia","Eubacteriales","Anaerofustaceae","Anaerofustis",NA,45,29,2,2,0,0,6,17,24,18,4,10,8,1,2,1,0,0,4,3
"6bc06bab65a9778deef714cab15f0be5","d__Bacteria","Firmicutes","Clostridia","Peptococcales","Peptococcaceae","uncultured",NA,32,21,0,0,0,0,0,0,5,7,122,166,51,62,60,65,124,125,227,163
"6c1660e85eaabce397c70f959cd0e5f3","d__Bacteria","Firmicutes","Clostridia","Christensenellales","Christensenellaceae","uncultured",NA,2,1,0,0,0,0,3,6,3,0,6,0,4,7,0,0,0,6,0,1
"84229a7de862a28a4c59683f1f354504","d__Bacteria","Firmicutes","Clostridia","Christensenellales","Christensenellaceae","Catabacter",NA,0,0,0,5,0,0,0,0,0,0,0,0,0,0,0,0,0,0,0,0
"03cf406cf3d6d8e8d59f324ddabd5981","d__Bacteria","Firmicutes","Clostridia","Christensenellales","Christensenellaceae","Christensenellaceae",NA,0,1,0,0,0,0,2,2,1,0,1,11,63,52,0,0,0,0,4,0
"1ed345c7f2ed5c0eceff7790cb86d655","d__Bacteria","Firmicutes","Clostridia","Clostridia_vadinBB60_group","Clostridia_vadinBB60_group","Clostridia_vadinBB60_group",NA,217,116,26,46,185,3,698,650,403,244,1665,2932,1255,1527,40,49,215,297,682,984
"25d15e96734f4aaffa4831ac0214626d","d__Bacteria","Firmicutes",NA,NA,NA,NA,NA,0,0,0,0,4,0,4,3,1,0,72,183,78,133,0,0,2,6,67,88
"ad11b3b36cf28d518bf948f887e2a125","d__Bacteria","Firmicutes","Clostridia","Christensenellales","Christensenellaceae","Christensenellaceae_R-7_group",NA,1767,1397,215,220,180,89,920,1611,1131,1123,564,933,2270,3009,67,81,567,488,1018,471
"bf6860b97428325624d333d2cf955636","d__Bacteria","Firmicutes","Clostridia",NA,NA,NA,NA,208,178,298,275,405,599,222,345,170,150,530,824,2050,2905,138,94,289,385,745,733
"4579debf8edd7e8eace52cd6d7ec6dce","d__Bacteria","Firmicutes","Clostridia","Oscillospirales","UCG-011","UCG-011",NA,782,587,0,0,0,0,297,233,518,451,0,0,0,0,2,0,0,0,0,0
"3fd69e01955e50a2d6769a0b2c1f9484","d__Bacteria","Firmicutes","Syntrophomonadia","Syntrophomonadales","Syntrophomonadaceae","Syntrophomonas",NA,4,2,0,0,0,0,0,0,0,0,0,0,0,0,0,0,0,0,0,0
"b1724c7b4222fe4a926eaf4665da6182","d__Bacteria","Firmicutes","Negativicutes","Acidaminococcales","Acidaminococcaceae","Phascolarctobacterium",NA,64,69,80,51,156,82,31,49,62,31,157,178,149,112,564,347,897,1695,370,615
"911253d87fdd9cc44355276866cf01ef","d__Bacteria","Firmicutes","Negativicutes","Veillonellales-Selenomonadales","Selenomonadaceae","Selenomonas",NA,18,12,0,0,0,0,0,0,19,5,0,0,0,0,0,0,0,0,0,0
"e894089445037bcbbbadf28c5a0f5c97","d__Bacteria","Firmicutes","Negativicutes","Veillonellales-Selenomonadales","Selenomonadaceae","uncultured",NA,0,0,0,0,0,0,0,0,0,0,0,0,0,0,8,5,0,0,0,0
"d31ff36c8dc351f3e92e7d9a44f58722","d__Bacteria","Firmicutes","Negativicutes","Veillonellales-Selenomonadales","Selenomonadaceae",NA,NA,19,5,0,0,0,0,0,0,2,3,0,0,0,0,26,18,0,1,0,0
"48f67e82350cea2cee607137fd4f39d0","d__Bacteria","Firmicutes","Negativicutes","Veillonellales-Selenomonadales","Selenomonadaceae","Anaerovibrio",NA,1,0,102,16,5,11,3,6,0,0,9,39,6,12,180,142,40,127,254,226
"c42aae02f3243c39ad774d61f592da6f","d__Bacteria","Firmicutes","Negativicutes","Veillonellales-Selenomonadales","Veillonellaceae","Veillonella",NA,0,0,0,0,2,1,1,0,0,0,6,0,0,1,9,22,0,3,2,0
"385f6744d399a373638717c4cd5f0988","d__Bacteria","Firmicutes","Negativicutes","Veillonellales-Selenomonadales",NA,NA,NA,0,0,2,0,1,0,0,0,0,0,0,0,0,0,0,0,0,0,0,0
"b95d2808edd39ba94a09a454cbca0837","d__Bacteria","Firmicutes","Clostridia","Oscillospirales",NA,NA,NA,19,24,0,0,0,0,17,13,20,16,27,51,51,82,0,0,3,7,22,15
"e3cb00d168934c0f95679e9262a27725","d__Bacteria","Firmicutes","Clostridia","Oscillospirales","Ruminococcaceae","uncultured",NA,50,55,10,0,141,3,85,46,80,44,144,148,170,234,10,8,58,65,189,127
"34f292e0136da810321993628ee790af","d__Bacteria","Firmicutes","Clostridia","uncultured","uncultured","uncultured",NA,13,19,0,0,0,0,3,0,8,18,15,25,10,8,0,0,0,0,17,23
"32dc9a6265acfddd24bac8e4b5182036","d__Bacteria","Firmicutes","Clostridia","Clostridia","Hungateiclostridiaceae","Saccharofermentans",NA,671,458,0,0,0,2,75,27,425,408,0,0,0,0,0,0,0,0,0,0
"1be336b025537bb2036361a0b638097d","d__Bacteria","Firmicutes","Clostridia","Oscillospirales","uncultured","uncultured",NA,3,2,0,0,0,0,1,4,4,3,0,0,0,0,0,0,0,0,0,0
"82092d0979795bf1d39ebc4b38c5330d","d__Bacteria","Firmicutes","Clostridia","Clostridia","Hungateiclostridiaceae","UCG-012",NA,1,0,0,0,0,5,1,0,2,1,5743,1504,645,766,2,0,0,0,4,2
"6d072410758054c21c29b7d4eb653eb4","d__Bacteria","Firmicutes","Clostridia","Clostridia","Hungateiclostridiaceae","uncultured",NA,0,0,0,0,0,0,0,0,0,0,0,0,2,6,0,0,0,0,0,0
"63819d255d912f9afc5f754071995cc8","d__Bacteria","Firmicutes","Clostridia","Clostridia","Hungateiclostridiaceae","Ruminiclostridium",NA,0,3,0,0,0,0,5,16,1,1,6,0,7,2,2,0,0,0,2,0
"17cac3ce2373660621c6b5ed58f6556b","d__Bacteria","Firmicutes","Clostridia","Monoglobales","Monoglobaceae","Monoglobus",NA,28,42,0,0,112,2,135,156,76,61,79,94,43,73,84,88,70,63,48,47
"1ee7366c563e09e9da455e1ccf34b583","d__Bacteria","Firmicutes","Clostridia","Clostridia_UCG-014","Clostridia_UCG-014","Clostridia_UCG-014",NA,221,150,24,4,68,37,146,103,530,340,152,164,211,274,324,349,174,176,170,158
"17671af926b8362138a02260b69118bf","d__Bacteria","Firmicutes","Clostridia","Lachnospirales",NA,NA,NA,0,0,0,0,0,0,0,0,0,0,2,0,7,0,0,0,0,0,0,0
"a5df32c6051bae6d53c7b5f895818114","d__Bacteria","Spirochaetota","Spirochaetia","Spirochaetales","Spirochaetaceae","Treponema",NA,6516,8166,605,999,2874,1126,4018,3242,7254,7524,1544,1311,581,662,848,800,445,482,827,2036
"bc80f47757787ed8ca82eb553b4a31ba","d__Bacteria","Spirochaetota","Spirochaetia","Spirochaetales","Spirochaetaceae","Sediminispirochaeta",NA,4,2,0,0,0,0,0,0,0,1,0,0,0,0,0,0,0,0,0,0
"da480c769bba24423965281a50e2af3b","d__Bacteria","Spirochaetota","Spirochaetia","Spirochaetales","Spirochaetaceae",NA,NA,0,0,1,5,2,1,0,0,0,1,902,956,4442,4608,0,0,0,0,168,153
"c08b14735cd16cae4fbfb9b636320639","d__Bacteria","Spirochaetota","Spirochaetia","Spirochaetales","Spirochaetaceae","Sphaerochaeta",NA,2,0,4,46,28,1,4,0,0,2,136,108,520,642,0,4,0,0,21,24
"752c45eaca53cf7cfdba0d1e1b5165f3","d__Bacteria","Fibrobacterota","Fibrobacteria","Fibrobacterales","Fibrobacteraceae","Fibrobacter",NA,234,160,4998,4307,2239,6906,166,263,142,263,241,521,539,751,210,145,421,411,1028,2494
"5bad6031028d51b599b5770c1d1e5a24","d__Bacteria","Actinobacteriota","Coriobacteriia","Coriobacteriales","Coriobacteriales_Incertae_Sedis","uncultured",NA,19,15,24,21,3,0,22,25,10,19,0,1,0,0,0,0,2,2,0,0
"0420e9bd80f378e1745e984402ed1d32","d__Bacteria","Actinobacteriota","Coriobacteriia","Coriobacteriales","Eggerthellaceae",NA,NA,1,2,12,5,27,16,3,1,3,1,0,0,2,0,0,0,3,2,13,9
"c9ab8773e3041f42ce81a3fb5decaf21","d__Bacteria","Actinobacteriota","Coriobacteriia","Coriobacteriales","Eggerthellaceae","Enterorhabdus",NA,6,7,40,32,6,1,4,13,5,9,0,0,0,0,0,0,0,0,0,0
"f707bef601574f9bf43229f3391ae940","d__Bacteria","Actinobacteriota","Coriobacteriia","Coriobacteriales","Eggerthellaceae","Gordonibacter",NA,19,14,0,0,0,0,9,18,10,7,0,0,0,0,0,0,0,0,0,0
"0bd7e6872f1358477273ca5617a259a0","d__Bacteria","Actinobacteriota","Coriobacteriia","Coriobacteriales","Eggerthellaceae","Eggerthella",NA,0,0,0,0,0,0,0,0,0,0,2,1,1,0,0,0,0,3,12,3
"83ce1e75f44a8a7f9d53a9f255670d05","d__Bacteria","Actinobacteriota","Coriobacteriia","Coriobacteriales","Eggerthellaceae","uncultured",NA,8,7,7,11,4,0,5,6,9,2,4,35,12,24,3,0,23,11,40,8
"359c657e90d675b78717a2300bc5be4f","d__Bacteria","Actinobacteriota","Coriobacteriia","Coriobacteriales","uncultured","uncultured",NA,3,3,78,53,11,4,8,15,1,1,2,18,7,5,5,2,7,5,5,0
"bb95f0c3587b50540f3af8f31138c679","d__Bacteria","Actinobacteriota","Coriobacteriia","Coriobacteriales",NA,NA,NA,6,2,2,0,4,0,0,7,3,2,4,0,5,3,0,0,3,3,7,0
"6a4689d14777af3552d9134eb87966a4","d__Bacteria","Actinobacteriota","Coriobacteriia","Coriobacteriales","Atopobiaceae","Atopobium",NA,0,2,0,0,0,0,0,0,0,2,0,0,0,0,0,0,0,0,0,0
"06affe4d40cd504d57af0931c8745600","d__Bacteria","Armatimonadota","uncultured","uncultured","uncultured","uncultured",NA,2,2,0,0,0,0,0,0,5,0,0,0,0,0,0,0,0,0,0,0
"eae29306f0dde366d47f95316bb8dd61","d__Bacteria","Verrucomicrobiota","Verrucomicrobiae","Opitutales","Puniceicoccaceae","uncultured",NA,0,0,9,11,4,0,0,0,0,0,0,0,0,0,0,0,0,0,0,0
"c674ff1c3f5321a751a979c5630d8be4","d__Bacteria","Verrucomicrobiota","Verrucomicrobiae","Opitutales","Puniceicoccaceae","Verruc-01",NA,0,2,17,4,2,0,0,0,0,0,0,0,0,0,0,0,0,0,0,0
"8f670295740aa3f0e4224d033693e923","d__Bacteria","Verrucomicrobiota","Verrucomicrobiae","Opitutales","Puniceicoccaceae","Cerasicoccus",NA,0,0,6,6,0,0,0,0,0,0,0,0,0,0,0,0,0,0,0,0
"bfc134a48c271b77039dbf08da2b344d","d__Bacteria","Verrucomicrobiota","Lentisphaeria","Oligosphaerales","Oligosphaeraceae","horsej-a03",NA,4,0,0,0,0,0,0,0,1,0,0,0,0,0,0,0,0,0,0,0
"b6d22a8b378e9b67fcd210fb3d7bfda5","d__Bacteria","Verrucomicrobiota","Lentisphaeria","Oligosphaerales","Oligosphaeraceae","Z20",NA,0,5,0,0,0,0,3,0,0,0,10,16,5,5,0,0,0,0,9,17
"2320f8e2a5c4fb367a64bf8bf2ce822c","d__Bacteria","Verrucomicrobiota","Lentisphaeria","Oligosphaerales","Oligosphaeraceae",NA,NA,0,3,0,0,0,0,0,0,1,0,16,34,10,4,0,0,0,0,15,29
"dc61a5e6b180d1e91ee91fa99fc27e6b","d__Bacteria","Verrucomicrobiota","Lentisphaeria","Victivallales","Victivallaceae","Victivallaceae",NA,144,127,0,0,0,0,20,18,78,56,54,55,33,32,0,0,0,0,30,49
"cda9d9c1baee558e44bb641fbb53daf9","d__Bacteria","Verrucomicrobiota","Lentisphaeria","Victivallales","vadinBE97","vadinBE97",NA,54,34,0,0,0,0,15,0,32,17,0,0,0,0,0,0,0,0,0,0
"4de61ac33246f3abe2624bd460afce53","d__Bacteria","Planctomycetota","Planctomycetes","Pirellulales","Pirellulaceae","p-1088-a5_gut_group",NA,2,2,0,0,0,0,3,3,1,2,0,0,0,0,0,0,0,0,0,0
"0cb82d24f35f1279b1d17af58804d728","d__Bacteria","Desulfobacterota","Desulfuromonadia","Bradymonadales","Bradymonadales","Bradymonadales",NA,10,14,0,0,28,0,133,70,13,13,5,17,3,8,0,0,0,0,14,5
"e66daa12a5bfd917919844cb3ad81922","d__Bacteria","Bacteroidota","Bacteroidia","Bacteroidales","Rikenellaceae","Alistipes",NA,1,0,2,4,17,7,2,0,0,3,6,10,2,12,8,0,11,3,21,8
"6cfb07ba294c1e441c39986fa8725715","d__Bacteria","Bacteroidota","Bacteroidia","Bacteroidales","p-251-o5","p-251-o5",NA,2716,1320,27,21,81,129,2050,792,3382,3502,70,87,4,7,495,532,170,173,110,279
"624f616ed89e11a3f55df295f75ccd73","d__Bacteria","Bacteroidota","Bacteroidia","Bacteroidales",NA,NA,NA,410,722,3447,4095,5108,3267,1422,1448,572,908,2232,1591,428,544,2515,3458,5000,6788,5313,6244
"ea45f6fbf8a04cd41b6513fe05f0146f","d__Bacteria","Bacteroidota","Bacteroidia","Sphingobacteriales","Sphingobacteriaceae",NA,NA,0,0,0,0,0,0,2,0,0,0,1255,762,518,467,0,0,0,0,379,278
"133fd1cc5b525b7edd3936a089795a73","d__Bacteria","Bacteroidota","Bacteroidia","Bacteroidales","Rs-E47_termite_group","Rs-E47_termite_group",NA,0,0,0,1,3,0,0,0,0,0,0,0,0,0,0,0,0,0,0,0
"38864637c678eeb1712a4bddb5392075","d__Bacteria","Bacteroidota","Bacteroidia","Bacteroidales","Bacteroidales_BS11_gut_group","Bacteroidales_BS11_gut_group",NA,7810,8853,5,3,54,10,4285,3647,6660,8190,463,318,541,528,2,0,0,5,132,99
"8e9bd31c10ebac381a546fbcf6b50497","d__Bacteria","Bacteroidota","Bacteroidia","Bacteroidales","M2PB4-65_termite_group","M2PB4-65_termite_group",NA,119,174,0,0,0,0,0,2,31,42,0,0,0,0,0,0,0,0,0,0
"799307694f192c879ff4cfc8e29ff817","d__Bacteria","Proteobacteria","Alphaproteobacteria","Rickettsiales","uncultured","uncultured",NA,0,0,9,20,2,0,0,0,0,0,0,0,0,0,0,0,0,0,0,0
"83c88672ada5805820ab15d32c19d195","d__Bacteria","Proteobacteria","Gammaproteobacteria","Pseudomonadales","Pseudomonadaceae","Pseudomonas",NA,1,0,0,0,1,0,4,2,2,0,2,1,0,0,1,0,4,0,3,0
"cfbc8da87a8d5e0f4b3dbc86774124ad","d__Bacteria","Proteobacteria","Gammaproteobacteria","Pasteurellales","Pasteurellaceae",NA,NA,2,0,0,4,9,5,7,3,5,3,8,4,2,0,193,861,4,14,5,5
"bde040093bb6840142a3ce854c746910","d__Bacteria","Proteobacteria","Gammaproteobacteria","Pasteurellales","Pasteurellaceae","Lonepinella",NA,2,0,0,1,3,0,1,0,2,4,0,0,0,0,2,0,1,0,1,5
"b41f7be978691738c563ef2fdd246970","d__Bacteria","Proteobacteria","Gammaproteobacteria","Pasteurellales","Pasteurellaceae","Aggregatibacter",NA,0,0,0,0,0,0,0,0,0,0,0,0,0,0,5,9,0,0,0,0
"9edefff6c29de6cd34373b150f6876f1","d__Bacteria","Proteobacteria","Gammaproteobacteria","Pasteurellales","Pasteurellaceae","uncultured",NA,0,0,0,0,0,0,1,0,0,0,3,2,0,0,61,299,0,0,1,0
"0b0912e4a373b2abab7e3d841d64a089","d__Bacteria","Proteobacteria","Gammaproteobacteria","Enterobacterales","Enterobacteriaceae","Escherichia-Shigella",NA,1,0,27,0,6,3,1,0,0,0,2,0,1,0,0,0,0,0,0,0
"e151ed60ba3a411d72809355aef9b3eb","d__Bacteria","Proteobacteria","Gammaproteobacteria","Enterobacterales","Enterobacteriaceae",NA,NA,0,0,0,0,2,2,2,0,0,0,0,1,0,0,0,2,0,0,0,0
"85bf80b0588dd6731ff3c3db33219ec1","d__Bacteria","Proteobacteria","Gammaproteobacteria","Aeromonadales","Succinivibrionaceae","Succinivibrio",NA,0,0,0,0,0,0,0,0,0,0,12,16,11,17,142,172,30,37,17,22
